-- ============================================================
-- Datos de prueba para book_catalog_db
-- Inserta publishers, authors, categories, books e images
-- Compatible con book_catalog_mysql_schema_simplificado.sql
-- ============================================================

USE book_catalog_db;

SET FOREIGN_KEY_CHECKS = 0;
TRUNCATE TABLE images;
TRUNCATE TABLE books;
TRUNCATE TABLE authors;
TRUNCATE TABLE categories;
TRUNCATE TABLE publishers;
SET FOREIGN_KEY_CHECKS = 1;

-- Publishers
INSERT INTO publishers (id, name) VALUES
(1, 'Editorial Sincronizada'),
(2, 'Andes Press'),
(3, 'Letras del Sur'),
(4, 'Nova Lectura'),
(5, 'Horizonte Académico'),
(6, 'Tinta Abierta'),
(7, 'Ediciones Aurora'),
(8, 'Biblioteca Digital'),
(9, 'Casa del Libro Técnico'),
(10, 'Editorial Quipus');

-- Authors
INSERT INTO authors (id, name, biography) VALUES
(1, 'Sofía Vargas', 'Autor/a de prueba con trayectoria en narrativa, investigación o divulgación.'),
(2, 'Mateo Ríos', 'Autor/a de prueba con trayectoria en narrativa, investigación o divulgación.'),
(3, 'Valentina Torres', 'Autor/a de prueba con trayectoria en narrativa, investigación o divulgación.'),
(4, 'Emilio Cárdenas', 'Autor/a de prueba con trayectoria en narrativa, investigación o divulgación.'),
(5, 'Camila Andrade', 'Autor/a de prueba con trayectoria en narrativa, investigación o divulgación.'),
(6, 'Lucas Mendoza', 'Autor/a de prueba con trayectoria en narrativa, investigación o divulgación.'),
(7, 'Isabella Herrera', 'Autor/a de prueba con trayectoria en narrativa, investigación o divulgación.'),
(8, 'Daniel Salazar', 'Autor/a de prueba con trayectoria en narrativa, investigación o divulgación.'),
(9, 'Martina Paredes', 'Autor/a de prueba con trayectoria en narrativa, investigación o divulgación.'),
(10, 'Gabriel Castillo', 'Autor/a de prueba con trayectoria en narrativa, investigación o divulgación.'),
(11, 'Lucía Benítez', 'Autor/a de prueba con trayectoria en narrativa, investigación o divulgación.'),
(12, 'Nicolás Vega', 'Autor/a de prueba con trayectoria en narrativa, investigación o divulgación.'),
(13, 'Paula Morales', 'Autor/a de prueba con trayectoria en narrativa, investigación o divulgación.'),
(14, 'Tomás Guerrero', 'Autor/a de prueba con trayectoria en narrativa, investigación o divulgación.'),
(15, 'Renata Molina', 'Autor/a de prueba con trayectoria en narrativa, investigación o divulgación.'),
(16, 'Julián Espinoza', 'Autor/a de prueba con trayectoria en narrativa, investigación o divulgación.'),
(17, 'Ana Beltrán', 'Autor/a de prueba con trayectoria en narrativa, investigación o divulgación.'),
(18, 'Sebastián Núñez', 'Autor/a de prueba con trayectoria en narrativa, investigación o divulgación.'),
(19, 'Elena Cabrera', 'Autor/a de prueba con trayectoria en narrativa, investigación o divulgación.'),
(20, 'Diego Zambrano', 'Autor/a de prueba con trayectoria en narrativa, investigación o divulgación.'),
(21, 'Carolina López', 'Autor/a de prueba con trayectoria en narrativa, investigación o divulgación.'),
(22, 'Andrés Flores', 'Autor/a de prueba con trayectoria en narrativa, investigación o divulgación.'),
(23, 'María Fernanda Ortiz', 'Autor/a de prueba con trayectoria en narrativa, investigación o divulgación.'),
(24, 'Pablo Serrano', 'Autor/a de prueba con trayectoria en narrativa, investigación o divulgación.'),
(25, 'Daniela Reyes', 'Autor/a de prueba con trayectoria en narrativa, investigación o divulgación.');

-- Categories
INSERT INTO categories (id, name, description) VALUES
(1, 'General', 'Categoría de prueba para catálogo de libros.'),
(2, 'Ficción', 'Categoría de prueba para catálogo de libros.'),
(3, 'Ciencia', 'Categoría de prueba para catálogo de libros.'),
(4, 'Tecnología', 'Categoría de prueba para catálogo de libros.'),
(5, 'Educación', 'Categoría de prueba para catálogo de libros.'),
(6, 'Historia', 'Categoría de prueba para catálogo de libros.'),
(7, 'Salud', 'Categoría de prueba para catálogo de libros.'),
(8, 'Negocios', 'Categoría de prueba para catálogo de libros.'),
(9, 'Arte', 'Categoría de prueba para catálogo de libros.'),
(10, 'Literatura', 'Categoría de prueba para catálogo de libros.');

-- Books
INSERT INTO books (
    id,
    isbn,
    title,
    description,
    short_description,
    author_id,
    publisher_id,
    category_id,
    publication_date,
    edition,
    language,
    format,
    pages,
    visible,
    price,
    stock,
    valoracion
) VALUES
(1, '9780000000001', 'El Invisible Silencio 1', 'Detalles técnicos, editoriales y narrativos de la obra de prueba número 1.', 'Libro de prueba 1.', 1, 1, 1, '2018-01-24', '1ª Ed.', 'Español', 'digital', 194, 'S', 8.09, 35, 3.11),
(2, '9780000000002', 'Arquitecturas del Futuro 2', 'Detalles técnicos, editoriales y narrativos de la obra de prueba número 2.', 'Libro de prueba 2.', 2, 2, 2, '2018-02-16', '2ª Ed.', 'Inglés', 'fisico', 222, 'S', 67.85, 69, 2.72),
(3, '9780000000003', 'Código y Memoria 3', 'Detalles técnicos, editoriales y narrativos de la obra de prueba número 3.', 'Libro de prueba 3.', 3, 3, 3, '2018-03-11', '3ª Ed.', 'Portugués', 'audiolibro', 512, 'S', 8.66, 11, 3.05),
(4, '9780000000004', 'La Ruta de los Datos 4', 'Detalles técnicos, editoriales y narrativos de la obra de prueba número 4.', 'Libro de prueba 4.', 4, 4, 4, '2018-04-03', '4ª Ed.', 'Español', 'digital', 597, 'S', 56.56, 71, 3.00),
(5, '9780000000005', 'Sistemas que Aprenden 5', 'Detalles técnicos, editoriales y narrativos de la obra de prueba número 5.', 'Libro de prueba 5.', 5, 5, 5, '2018-04-26', '5ª Ed.', 'Inglés', 'fisico', 509, 'S', 24.51, 75, 3.20),
(6, '9780000000006', 'Ciencia en Movimiento 6', 'Detalles técnicos, editoriales y narrativos de la obra de prueba número 6.', 'Libro de prueba 6.', 6, 6, 6, '2018-05-19', '1ª Ed.', 'Portugués', 'audiolibro', 86, 'S', 69.73, 20, 4.25),
(7, '9780000000007', 'Historias de Papel 7', 'Detalles técnicos, editoriales y narrativos de la obra de prueba número 7.', 'Libro de prueba 7.', 7, 7, 7, '2018-06-11', '2ª Ed.', 'Español', 'digital', 428, 'S', 29.33, 27, 4.89),
(8, '9780000000008', 'El Lenguaje de las Máquinas 8', 'Detalles técnicos, editoriales y narrativos de la obra de prueba número 8.', 'Libro de prueba 8.', 8, 8, 8, '2018-07-04', '3ª Ed.', 'Inglés', 'fisico', 424, 'S', 14.58, 48, 2.74),
(9, '9780000000009', 'Puentes Digitales 9', 'Detalles técnicos, editoriales y narrativos de la obra de prueba número 9.', 'Libro de prueba 9.', 9, 9, 9, '2018-07-27', '4ª Ed.', 'Portugués', 'audiolibro', 432, 'N', 56.70, 5, 4.32),
(10, '9780000000010', 'Cartografía del Conocimiento 10', 'Detalles técnicos, editoriales y narrativos de la obra de prueba número 10.', 'Libro de prueba 10.', 10, 10, 10, '2018-08-19', '5ª Ed.', 'Español', 'digital', 207, 'S', 87.73, 48, 2.70),
(11, '9780000000011', 'Sombras del Algoritmo 11', 'Detalles técnicos, editoriales y narrativos de la obra de prueba número 11.', 'Libro de prueba 11.', 11, 1, 1, '2018-09-11', '1ª Ed.', 'Inglés', 'fisico', 380, 'S', 75.66, 46, 3.94),
(12, '9780000000012', 'La Biblioteca Oculta 12', 'Detalles técnicos, editoriales y narrativos de la obra de prueba número 12.', 'Libro de prueba 12.', 12, 2, 2, '2018-10-04', '2ª Ed.', 'Portugués', 'audiolibro', 151, 'S', 9.84, 29, 4.43),
(13, '9780000000013', 'Diseño de Realidades 13', 'Detalles técnicos, editoriales y narrativos de la obra de prueba número 13.', 'Libro de prueba 13.', 13, 3, 3, '2018-10-27', '3ª Ed.', 'Español', 'digital', 161, 'S', 77.84, 12, 3.45),
(14, '9780000000014', 'Ecos de la Innovación 14', 'Detalles técnicos, editoriales y narrativos de la obra de prueba número 14.', 'Libro de prueba 14.', 14, 4, 4, '2018-11-19', '4ª Ed.', 'Inglés', 'fisico', 544, 'S', 59.39, 46, 2.91),
(15, '9780000000015', 'Manual de Ideas Prácticas 15', 'Detalles técnicos, editoriales y narrativos de la obra de prueba número 15.', 'Libro de prueba 15.', 15, 5, 5, '2018-12-12', '5ª Ed.', 'Portugués', 'audiolibro', 443, 'S', 23.59, 34, 4.25),
(16, '9780000000016', 'Fragmentos de Ciudad 16', 'Detalles técnicos, editoriales y narrativos de la obra de prueba número 16.', 'Libro de prueba 16.', 16, 6, 6, '2019-01-04', '1ª Ed.', 'Español', 'digital', 153, 'S', 57.16, 21, 3.84),
(17, '9780000000017', 'Horizontes de Software 17', 'Detalles técnicos, editoriales y narrativos de la obra de prueba número 17.', 'Libro de prueba 17.', 17, 7, 7, '2019-01-27', '2ª Ed.', 'Inglés', 'fisico', 330, 'S', 19.72, 48, 3.17),
(18, '9780000000018', 'Lecturas para el Cambio 18', 'Detalles técnicos, editoriales y narrativos de la obra de prueba número 18.', 'Libro de prueba 18.', 18, 8, 8, '2019-02-19', '3ª Ed.', 'Portugués', 'audiolibro', 304, 'N', 63.50, 7, 3.07),
(19, '9780000000019', 'La Forma del Tiempo 19', 'Detalles técnicos, editoriales y narrativos de la obra de prueba número 19.', 'Libro de prueba 19.', 19, 9, 9, '2019-03-14', '4ª Ed.', 'Español', 'digital', 112, 'S', 73.61, 51, 3.17),
(20, '9780000000020', 'Notas de Investigación 20', 'Detalles técnicos, editoriales y narrativos de la obra de prueba número 20.', 'Libro de prueba 20.', 20, 10, 10, '2019-04-06', '5ª Ed.', 'Inglés', 'fisico', 296, 'S', 82.69, 72, 4.69),
(21, '9780000000021', 'El Invisible Silencio 21', 'Detalles técnicos, editoriales y narrativos de la obra de prueba número 21.', 'Libro de prueba 21.', 21, 1, 1, '2019-04-29', '1ª Ed.', 'Portugués', 'audiolibro', 402, 'S', 23.85, 63, 3.49),
(22, '9780000000022', 'Arquitecturas del Futuro 22', 'Detalles técnicos, editoriales y narrativos de la obra de prueba número 22.', 'Libro de prueba 22.', 22, 2, 2, '2019-05-22', '2ª Ed.', 'Español', 'digital', 549, 'S', 17.99, 17, 3.12),
(23, '9780000000023', 'Código y Memoria 23', 'Detalles técnicos, editoriales y narrativos de la obra de prueba número 23.', 'Libro de prueba 23.', 23, 3, 3, '2019-06-14', '3ª Ed.', 'Inglés', 'fisico', 349, 'S', 68.74, 54, 4.74),
(24, '9780000000024', 'La Ruta de los Datos 24', 'Detalles técnicos, editoriales y narrativos de la obra de prueba número 24.', 'Libro de prueba 24.', 24, 4, 4, '2019-07-07', '4ª Ed.', 'Portugués', 'audiolibro', 488, 'S', 36.40, 17, 3.77),
(25, '9780000000025', 'Sistemas que Aprenden 25', 'Detalles técnicos, editoriales y narrativos de la obra de prueba número 25.', 'Libro de prueba 25.', 25, 5, 5, '2019-07-30', '5ª Ed.', 'Español', 'digital', 173, 'S', 69.48, 14, 2.88),
(26, '9780000000026', 'Ciencia en Movimiento 26', 'Detalles técnicos, editoriales y narrativos de la obra de prueba número 26.', 'Libro de prueba 26.', 1, 6, 6, '2019-08-22', '1ª Ed.', 'Inglés', 'fisico', 243, 'S', 72.52, 54, 3.99),
(27, '9780000000027', 'Historias de Papel 27', 'Detalles técnicos, editoriales y narrativos de la obra de prueba número 27.', 'Libro de prueba 27.', 2, 7, 7, '2019-09-14', '2ª Ed.', 'Portugués', 'audiolibro', 474, 'N', 38.05, 59, 3.82),
(28, '9780000000028', 'El Lenguaje de las Máquinas 28', 'Detalles técnicos, editoriales y narrativos de la obra de prueba número 28.', 'Libro de prueba 28.', 3, 8, 8, '2019-10-07', '3ª Ed.', 'Español', 'digital', 91, 'S', 63.13, 14, 4.20),
(29, '9780000000029', 'Puentes Digitales 29', 'Detalles técnicos, editoriales y narrativos de la obra de prueba número 29.', 'Libro de prueba 29.', 4, 9, 9, '2019-10-30', '4ª Ed.', 'Inglés', 'fisico', 353, 'S', 70.55, 43, 2.78),
(30, '9780000000030', 'Cartografía del Conocimiento 30', 'Detalles técnicos, editoriales y narrativos de la obra de prueba número 30.', 'Libro de prueba 30.', 5, 10, 10, '2019-11-22', '5ª Ed.', 'Portugués', 'audiolibro', 525, 'S', 19.28, 0, 4.88),
(31, '9780000000031', 'Sombras del Algoritmo 31', 'Detalles técnicos, editoriales y narrativos de la obra de prueba número 31.', 'Libro de prueba 31.', 6, 1, 1, '2019-12-15', '1ª Ed.', 'Español', 'digital', 349, 'S', 87.63, 22, 3.77),
(32, '9780000000032', 'La Biblioteca Oculta 32', 'Detalles técnicos, editoriales y narrativos de la obra de prueba número 32.', 'Libro de prueba 32.', 7, 2, 2, '2020-01-07', '2ª Ed.', 'Inglés', 'fisico', 188, 'S', 79.11, 38, 4.60),
(33, '9780000000033', 'Diseño de Realidades 33', 'Detalles técnicos, editoriales y narrativos de la obra de prueba número 33.', 'Libro de prueba 33.', 8, 3, 3, '2020-01-30', '3ª Ed.', 'Portugués', 'audiolibro', 599, 'S', 57.14, 19, 3.43),
(34, '9780000000034', 'Ecos de la Innovación 34', 'Detalles técnicos, editoriales y narrativos de la obra de prueba número 34.', 'Libro de prueba 34.', 9, 4, 4, '2020-02-22', '4ª Ed.', 'Español', 'digital', 245, 'S', 51.30, 67, 4.80),
(35, '9780000000035', 'Manual de Ideas Prácticas 35', 'Detalles técnicos, editoriales y narrativos de la obra de prueba número 35.', 'Libro de prueba 35.', 10, 5, 5, '2020-03-16', '5ª Ed.', 'Inglés', 'fisico', 411, 'S', 47.03, 14, 4.82),
(36, '9780000000036', 'Fragmentos de Ciudad 36', 'Detalles técnicos, editoriales y narrativos de la obra de prueba número 36.', 'Libro de prueba 36.', 11, 6, 6, '2020-04-08', '1ª Ed.', 'Portugués', 'audiolibro', 394, 'N', 26.10, 30, 4.70),
(37, '9780000000037', 'Horizontes de Software 37', 'Detalles técnicos, editoriales y narrativos de la obra de prueba número 37.', 'Libro de prueba 37.', 12, 7, 7, '2020-05-01', '2ª Ed.', 'Español', 'digital', 160, 'S', 13.18, 62, 4.54),
(38, '9780000000038', 'Lecturas para el Cambio 38', 'Detalles técnicos, editoriales y narrativos de la obra de prueba número 38.', 'Libro de prueba 38.', 13, 8, 8, '2020-05-24', '3ª Ed.', 'Inglés', 'fisico', 208, 'S', 16.77, 60, 4.87),
(39, '9780000000039', 'La Forma del Tiempo 39', 'Detalles técnicos, editoriales y narrativos de la obra de prueba número 39.', 'Libro de prueba 39.', 14, 9, 9, '2020-06-16', '4ª Ed.', 'Portugués', 'audiolibro', 249, 'S', 28.25, 54, 4.91),
(40, '9780000000040', 'Notas de Investigación 40', 'Detalles técnicos, editoriales y narrativos de la obra de prueba número 40.', 'Libro de prueba 40.', 15, 10, 10, '2020-07-09', '5ª Ed.', 'Español', 'digital', 285, 'S', 65.88, 51, 4.99),
(41, '9780000000041', 'El Invisible Silencio 41', 'Detalles técnicos, editoriales y narrativos de la obra de prueba número 41.', 'Libro de prueba 41.', 16, 1, 1, '2020-08-01', '1ª Ed.', 'Inglés', 'fisico', 462, 'S', 42.79, 66, 3.63),
(42, '9780000000042', 'Arquitecturas del Futuro 42', 'Detalles técnicos, editoriales y narrativos de la obra de prueba número 42.', 'Libro de prueba 42.', 17, 2, 2, '2020-08-24', '2ª Ed.', 'Portugués', 'audiolibro', 333, 'S', 24.86, 43, 2.55),
(43, '9780000000043', 'Código y Memoria 43', 'Detalles técnicos, editoriales y narrativos de la obra de prueba número 43.', 'Libro de prueba 43.', 18, 3, 3, '2020-09-16', '3ª Ed.', 'Español', 'digital', 315, 'S', 55.42, 0, 2.68),
(44, '9780000000044', 'La Ruta de los Datos 44', 'Detalles técnicos, editoriales y narrativos de la obra de prueba número 44.', 'Libro de prueba 44.', 19, 4, 4, '2020-10-09', '4ª Ed.', 'Inglés', 'fisico', 140, 'S', 25.22, 4, 4.65),
(45, '9780000000045', 'Sistemas que Aprenden 45', 'Detalles técnicos, editoriales y narrativos de la obra de prueba número 45.', 'Libro de prueba 45.', 20, 5, 5, '2020-11-01', '5ª Ed.', 'Portugués', 'audiolibro', 152, 'N', 49.18, 35, 4.17),
(46, '9780000000046', 'Ciencia en Movimiento 46', 'Detalles técnicos, editoriales y narrativos de la obra de prueba número 46.', 'Libro de prueba 46.', 21, 6, 6, '2020-11-24', '1ª Ed.', 'Español', 'digital', 299, 'S', 51.29, 73, 3.94),
(47, '9780000000047', 'Historias de Papel 47', 'Detalles técnicos, editoriales y narrativos de la obra de prueba número 47.', 'Libro de prueba 47.', 22, 7, 7, '2020-12-17', '2ª Ed.', 'Inglés', 'fisico', 328, 'S', 71.90, 52, 2.98),
(48, '9780000000048', 'El Lenguaje de las Máquinas 48', 'Detalles técnicos, editoriales y narrativos de la obra de prueba número 48.', 'Libro de prueba 48.', 23, 8, 8, '2021-01-09', '3ª Ed.', 'Portugués', 'audiolibro', 179, 'S', 61.34, 45, 3.56),
(49, '9780000000049', 'Puentes Digitales 49', 'Detalles técnicos, editoriales y narrativos de la obra de prueba número 49.', 'Libro de prueba 49.', 24, 9, 9, '2021-02-01', '4ª Ed.', 'Español', 'digital', 558, 'S', 78.55, 6, 4.18),
(50, '9780000000050', 'Cartografía del Conocimiento 50', 'Detalles técnicos, editoriales y narrativos de la obra de prueba número 50.', 'Libro de prueba 50.', 25, 10, 10, '2021-02-24', '5ª Ed.', 'Inglés', 'fisico', 180, 'S', 11.08, 43, 4.50),
(51, '9780000000051', 'Sombras del Algoritmo 51', 'Detalles técnicos, editoriales y narrativos de la obra de prueba número 51.', 'Libro de prueba 51.', 1, 1, 1, '2021-03-19', '1ª Ed.', 'Portugués', 'audiolibro', 191, 'S', 26.88, 24, 3.84),
(52, '9780000000052', 'La Biblioteca Oculta 52', 'Detalles técnicos, editoriales y narrativos de la obra de prueba número 52.', 'Libro de prueba 52.', 2, 2, 2, '2021-04-11', '2ª Ed.', 'Español', 'digital', 223, 'S', 41.43, 35, 3.66),
(53, '9780000000053', 'Diseño de Realidades 53', 'Detalles técnicos, editoriales y narrativos de la obra de prueba número 53.', 'Libro de prueba 53.', 3, 3, 3, '2021-05-04', '3ª Ed.', 'Inglés', 'fisico', 157, 'S', 43.21, 70, 2.74),
(54, '9780000000054', 'Ecos de la Innovación 54', 'Detalles técnicos, editoriales y narrativos de la obra de prueba número 54.', 'Libro de prueba 54.', 4, 4, 4, '2021-05-27', '4ª Ed.', 'Portugués', 'audiolibro', 95, 'N', 87.39, 30, 2.92),
(55, '9780000000055', 'Manual de Ideas Prácticas 55', 'Detalles técnicos, editoriales y narrativos de la obra de prueba número 55.', 'Libro de prueba 55.', 5, 5, 5, '2021-06-19', '5ª Ed.', 'Español', 'digital', 577, 'S', 46.42, 51, 4.76),
(56, '9780000000056', 'Fragmentos de Ciudad 56', 'Detalles técnicos, editoriales y narrativos de la obra de prueba número 56.', 'Libro de prueba 56.', 6, 6, 6, '2021-07-12', '1ª Ed.', 'Inglés', 'fisico', 248, 'S', 37.82, 49, 3.16),
(57, '9780000000057', 'Horizontes de Software 57', 'Detalles técnicos, editoriales y narrativos de la obra de prueba número 57.', 'Libro de prueba 57.', 7, 7, 7, '2021-08-04', '2ª Ed.', 'Portugués', 'audiolibro', 545, 'S', 29.95, 71, 4.15),
(58, '9780000000058', 'Lecturas para el Cambio 58', 'Detalles técnicos, editoriales y narrativos de la obra de prueba número 58.', 'Libro de prueba 58.', 8, 8, 8, '2021-08-27', '3ª Ed.', 'Español', 'digital', 578, 'S', 18.99, 37, 3.04),
(59, '9780000000059', 'La Forma del Tiempo 59', 'Detalles técnicos, editoriales y narrativos de la obra de prueba número 59.', 'Libro de prueba 59.', 9, 9, 9, '2021-09-19', '4ª Ed.', 'Inglés', 'fisico', 139, 'S', 54.64, 69, 2.65),
(60, '9780000000060', 'Notas de Investigación 60', 'Detalles técnicos, editoriales y narrativos de la obra de prueba número 60.', 'Libro de prueba 60.', 10, 10, 10, '2021-10-12', '5ª Ed.', 'Portugués', 'audiolibro', 401, 'S', 10.79, 74, 3.69),
(61, '9780000000061', 'El Invisible Silencio 61', 'Detalles técnicos, editoriales y narrativos de la obra de prueba número 61.', 'Libro de prueba 61.', 11, 1, 1, '2021-11-04', '1ª Ed.', 'Español', 'digital', 241, 'S', 10.77, 65, 2.70),
(62, '9780000000062', 'Arquitecturas del Futuro 62', 'Detalles técnicos, editoriales y narrativos de la obra de prueba número 62.', 'Libro de prueba 62.', 12, 2, 2, '2021-11-27', '2ª Ed.', 'Inglés', 'fisico', 270, 'S', 11.75, 8, 4.19),
(63, '9780000000063', 'Código y Memoria 63', 'Detalles técnicos, editoriales y narrativos de la obra de prueba número 63.', 'Libro de prueba 63.', 13, 3, 3, '2021-12-20', '3ª Ed.', 'Portugués', 'audiolibro', 320, 'N', 39.91, 72, 3.12),
(64, '9780000000064', 'La Ruta de los Datos 64', 'Detalles técnicos, editoriales y narrativos de la obra de prueba número 64.', 'Libro de prueba 64.', 14, 4, 4, '2022-01-12', '4ª Ed.', 'Español', 'digital', 120, 'S', 58.02, 53, 4.14),
(65, '9780000000065', 'Sistemas que Aprenden 65', 'Detalles técnicos, editoriales y narrativos de la obra de prueba número 65.', 'Libro de prueba 65.', 15, 5, 5, '2022-02-04', '5ª Ed.', 'Inglés', 'fisico', 615, 'S', 32.57, 33, 3.01),
(66, '9780000000066', 'Ciencia en Movimiento 66', 'Detalles técnicos, editoriales y narrativos de la obra de prueba número 66.', 'Libro de prueba 66.', 16, 6, 6, '2022-02-27', '1ª Ed.', 'Portugués', 'audiolibro', 401, 'S', 26.04, 50, 2.83),
(67, '9780000000067', 'Historias de Papel 67', 'Detalles técnicos, editoriales y narrativos de la obra de prueba número 67.', 'Libro de prueba 67.', 17, 7, 7, '2022-03-22', '2ª Ed.', 'Español', 'digital', 387, 'S', 44.40, 9, 2.52),
(68, '9780000000068', 'El Lenguaje de las Máquinas 68', 'Detalles técnicos, editoriales y narrativos de la obra de prueba número 68.', 'Libro de prueba 68.', 18, 8, 8, '2022-04-14', '3ª Ed.', 'Inglés', 'fisico', 182, 'S', 12.14, 27, 3.76),
(69, '9780000000069', 'Puentes Digitales 69', 'Detalles técnicos, editoriales y narrativos de la obra de prueba número 69.', 'Libro de prueba 69.', 19, 9, 9, '2022-05-07', '4ª Ed.', 'Portugués', 'audiolibro', 215, 'S', 84.38, 8, 4.70),
(70, '9780000000070', 'Cartografía del Conocimiento 70', 'Detalles técnicos, editoriales y narrativos de la obra de prueba número 70.', 'Libro de prueba 70.', 20, 10, 10, '2022-05-30', '5ª Ed.', 'Español', 'digital', 458, 'S', 29.93, 56, 4.58),
(71, '9780000000071', 'Sombras del Algoritmo 71', 'Detalles técnicos, editoriales y narrativos de la obra de prueba número 71.', 'Libro de prueba 71.', 21, 1, 1, '2022-06-22', '1ª Ed.', 'Inglés', 'fisico', 389, 'S', 57.37, 67, 2.52),
(72, '9780000000072', 'La Biblioteca Oculta 72', 'Detalles técnicos, editoriales y narrativos de la obra de prueba número 72.', 'Libro de prueba 72.', 22, 2, 2, '2022-07-15', '2ª Ed.', 'Portugués', 'audiolibro', 386, 'N', 84.26, 13, 4.85),
(73, '9780000000073', 'Diseño de Realidades 73', 'Detalles técnicos, editoriales y narrativos de la obra de prueba número 73.', 'Libro de prueba 73.', 23, 3, 3, '2022-08-07', '3ª Ed.', 'Español', 'digital', 217, 'S', 28.21, 13, 4.36),
(74, '9780000000074', 'Ecos de la Innovación 74', 'Detalles técnicos, editoriales y narrativos de la obra de prueba número 74.', 'Libro de prueba 74.', 24, 4, 4, '2022-08-30', '4ª Ed.', 'Inglés', 'fisico', 239, 'S', 28.87, 26, 4.29),
(75, '9780000000075', 'Manual de Ideas Prácticas 75', 'Detalles técnicos, editoriales y narrativos de la obra de prueba número 75.', 'Libro de prueba 75.', 25, 5, 5, '2022-09-22', '5ª Ed.', 'Portugués', 'audiolibro', 288, 'S', 63.74, 33, 3.76),
(76, '9780000000076', 'Fragmentos de Ciudad 76', 'Detalles técnicos, editoriales y narrativos de la obra de prueba número 76.', 'Libro de prueba 76.', 1, 6, 6, '2022-10-15', '1ª Ed.', 'Español', 'digital', 337, 'S', 82.04, 6, 2.73),
(77, '9780000000077', 'Horizontes de Software 77', 'Detalles técnicos, editoriales y narrativos de la obra de prueba número 77.', 'Libro de prueba 77.', 2, 7, 7, '2022-11-07', '2ª Ed.', 'Inglés', 'fisico', 513, 'S', 75.66, 5, 2.51),
(78, '9780000000078', 'Lecturas para el Cambio 78', 'Detalles técnicos, editoriales y narrativos de la obra de prueba número 78.', 'Libro de prueba 78.', 3, 8, 8, '2022-11-30', '3ª Ed.', 'Portugués', 'audiolibro', 213, 'S', 59.51, 33, 2.90),
(79, '9780000000079', 'La Forma del Tiempo 79', 'Detalles técnicos, editoriales y narrativos de la obra de prueba número 79.', 'Libro de prueba 79.', 4, 9, 9, '2022-12-23', '4ª Ed.', 'Español', 'digital', 532, 'S', 52.33, 54, 3.90),
(80, '9780000000080', 'Notas de Investigación 80', 'Detalles técnicos, editoriales y narrativos de la obra de prueba número 80.', 'Libro de prueba 80.', 5, 10, 10, '2023-01-15', '5ª Ed.', 'Inglés', 'fisico', 194, 'S', 12.31, 19, 3.86),
(81, '9780000000081', 'El Invisible Silencio 81', 'Detalles técnicos, editoriales y narrativos de la obra de prueba número 81.', 'Libro de prueba 81.', 6, 1, 1, '2023-02-07', '1ª Ed.', 'Portugués', 'audiolibro', 458, 'N', 54.92, 18, 3.57),
(82, '9780000000082', 'Arquitecturas del Futuro 82', 'Detalles técnicos, editoriales y narrativos de la obra de prueba número 82.', 'Libro de prueba 82.', 7, 2, 2, '2023-03-02', '2ª Ed.', 'Español', 'digital', 122, 'S', 31.88, 5, 4.75),
(83, '9780000000083', 'Código y Memoria 83', 'Detalles técnicos, editoriales y narrativos de la obra de prueba número 83.', 'Libro de prueba 83.', 8, 3, 3, '2023-03-25', '3ª Ed.', 'Inglés', 'fisico', 295, 'S', 63.28, 13, 3.38),
(84, '9780000000084', 'La Ruta de los Datos 84', 'Detalles técnicos, editoriales y narrativos de la obra de prueba número 84.', 'Libro de prueba 84.', 9, 4, 4, '2023-04-17', '4ª Ed.', 'Portugués', 'audiolibro', 496, 'S', 87.79, 19, 4.81),
(85, '9780000000085', 'Sistemas que Aprenden 85', 'Detalles técnicos, editoriales y narrativos de la obra de prueba número 85.', 'Libro de prueba 85.', 10, 5, 5, '2023-05-10', '5ª Ed.', 'Español', 'digital', 322, 'S', 78.62, 22, 4.70),
(86, '9780000000086', 'Ciencia en Movimiento 86', 'Detalles técnicos, editoriales y narrativos de la obra de prueba número 86.', 'Libro de prueba 86.', 11, 6, 6, '2023-06-02', '1ª Ed.', 'Inglés', 'fisico', 105, 'S', 21.06, 42, 4.46),
(87, '9780000000087', 'Historias de Papel 87', 'Detalles técnicos, editoriales y narrativos de la obra de prueba número 87.', 'Libro de prueba 87.', 12, 7, 7, '2023-06-25', '2ª Ed.', 'Portugués', 'audiolibro', 501, 'S', 73.38, 31, 3.17),
(88, '9780000000088', 'El Lenguaje de las Máquinas 88', 'Detalles técnicos, editoriales y narrativos de la obra de prueba número 88.', 'Libro de prueba 88.', 13, 8, 8, '2023-07-18', '3ª Ed.', 'Español', 'digital', 190, 'S', 38.12, 4, 4.65),
(89, '9780000000089', 'Puentes Digitales 89', 'Detalles técnicos, editoriales y narrativos de la obra de prueba número 89.', 'Libro de prueba 89.', 14, 9, 9, '2023-08-10', '4ª Ed.', 'Inglés', 'fisico', 307, 'S', 22.75, 58, 3.37),
(90, '9780000000090', 'Cartografía del Conocimiento 90', 'Detalles técnicos, editoriales y narrativos de la obra de prueba número 90.', 'Libro de prueba 90.', 15, 10, 10, '2023-09-02', '5ª Ed.', 'Portugués', 'audiolibro', 313, 'N', 24.72, 24, 3.50),
(91, '9780000000091', 'Sombras del Algoritmo 91', 'Detalles técnicos, editoriales y narrativos de la obra de prueba número 91.', 'Libro de prueba 91.', 16, 1, 1, '2023-09-25', '1ª Ed.', 'Español', 'digital', 365, 'S', 78.60, 35, 3.38),
(92, '9780000000092', 'La Biblioteca Oculta 92', 'Detalles técnicos, editoriales y narrativos de la obra de prueba número 92.', 'Libro de prueba 92.', 17, 2, 2, '2023-10-18', '2ª Ed.', 'Inglés', 'fisico', 601, 'S', 39.56, 68, 3.33),
(93, '9780000000093', 'Diseño de Realidades 93', 'Detalles técnicos, editoriales y narrativos de la obra de prueba número 93.', 'Libro de prueba 93.', 18, 3, 3, '2023-11-10', '3ª Ed.', 'Portugués', 'audiolibro', 108, 'S', 15.68, 33, 2.95),
(94, '9780000000094', 'Ecos de la Innovación 94', 'Detalles técnicos, editoriales y narrativos de la obra de prueba número 94.', 'Libro de prueba 94.', 19, 4, 4, '2023-12-03', '4ª Ed.', 'Español', 'digital', 351, 'S', 9.20, 55, 3.36),
(95, '9780000000095', 'Manual de Ideas Prácticas 95', 'Detalles técnicos, editoriales y narrativos de la obra de prueba número 95.', 'Libro de prueba 95.', 20, 5, 5, '2023-12-26', '5ª Ed.', 'Inglés', 'fisico', 401, 'S', 42.65, 65, 2.79),
(96, '9780000000096', 'Fragmentos de Ciudad 96', 'Detalles técnicos, editoriales y narrativos de la obra de prueba número 96.', 'Libro de prueba 96.', 21, 6, 6, '2024-01-18', '1ª Ed.', 'Portugués', 'audiolibro', 274, 'S', 27.39, 55, 2.50),
(97, '9780000000097', 'Horizontes de Software 97', 'Detalles técnicos, editoriales y narrativos de la obra de prueba número 97.', 'Libro de prueba 97.', 22, 7, 7, '2024-02-10', '2ª Ed.', 'Español', 'digital', 281, 'S', 36.58, 8, 4.87),
(98, '9780000000098', 'Lecturas para el Cambio 98', 'Detalles técnicos, editoriales y narrativos de la obra de prueba número 98.', 'Libro de prueba 98.', 23, 8, 8, '2024-03-04', '3ª Ed.', 'Inglés', 'fisico', 418, 'S', 58.34, 15, 4.30),
(99, '9780000000099', 'La Forma del Tiempo 99', 'Detalles técnicos, editoriales y narrativos de la obra de prueba número 99.', 'Libro de prueba 99.', 24, 9, 9, '2024-03-27', '4ª Ed.', 'Portugués', 'audiolibro', 387, 'N', 48.59, 52, 3.32),
(100, '9780000000100', 'Notas de Investigación 100', 'Detalles técnicos, editoriales y narrativos de la obra de prueba número 100.', 'Libro de prueba 100.', 25, 10, 10, '2024-04-19', '5ª Ed.', 'Español', 'digital', 382, 'S', 52.56, 24, 3.55);

-- Images
INSERT INTO images (book_id, image_url, image_type, image_order, alt_text) VALUES
(1, 'https://covers.openlibrary.org/b/isbn/9780000000001-L.jpg', 'cover', 1, 'Cubierta del libro El Invisible Silencio 1'),
(1, 'https://covers.openlibrary.org/b/isbn/9780000000001-L.jpg', 'gallery', 1, 'Imagen de galería 1 del libro El Invisible Silencio 1'),
(1, 'https://covers.openlibrary.org/b/isbn/9780000000001-M.jpg', 'gallery', 2, 'Imagen de galería 2 del libro El Invisible Silencio 1'),
(1, 'https://covers.openlibrary.org/b/isbn/9780000000001-S.jpg', 'gallery', 3, 'Imagen de galería 3 del libro El Invisible Silencio 1'),
(2, 'https://covers.openlibrary.org/b/isbn/9780000000002-L.jpg', 'cover', 1, 'Cubierta del libro Arquitecturas del Futuro 2'),
(2, 'https://covers.openlibrary.org/b/isbn/9780000000002-L.jpg', 'gallery', 1, 'Imagen de galería 1 del libro Arquitecturas del Futuro 2'),
(2, 'https://covers.openlibrary.org/b/isbn/9780000000002-M.jpg', 'gallery', 2, 'Imagen de galería 2 del libro Arquitecturas del Futuro 2'),
(2, 'https://covers.openlibrary.org/b/isbn/9780000000002-S.jpg', 'gallery', 3, 'Imagen de galería 3 del libro Arquitecturas del Futuro 2'),
(3, 'https://covers.openlibrary.org/b/isbn/9780000000003-L.jpg', 'cover', 1, 'Cubierta del libro Código y Memoria 3'),
(3, 'https://covers.openlibrary.org/b/isbn/9780000000003-L.jpg', 'gallery', 1, 'Imagen de galería 1 del libro Código y Memoria 3'),
(3, 'https://covers.openlibrary.org/b/isbn/9780000000003-M.jpg', 'gallery', 2, 'Imagen de galería 2 del libro Código y Memoria 3'),
(3, 'https://covers.openlibrary.org/b/isbn/9780000000003-S.jpg', 'gallery', 3, 'Imagen de galería 3 del libro Código y Memoria 3'),
(4, 'https://covers.openlibrary.org/b/isbn/9780000000004-L.jpg', 'cover', 1, 'Cubierta del libro La Ruta de los Datos 4'),
(4, 'https://covers.openlibrary.org/b/isbn/9780000000004-L.jpg', 'gallery', 1, 'Imagen de galería 1 del libro La Ruta de los Datos 4'),
(4, 'https://covers.openlibrary.org/b/isbn/9780000000004-M.jpg', 'gallery', 2, 'Imagen de galería 2 del libro La Ruta de los Datos 4'),
(4, 'https://covers.openlibrary.org/b/isbn/9780000000004-S.jpg', 'gallery', 3, 'Imagen de galería 3 del libro La Ruta de los Datos 4'),
(5, 'https://covers.openlibrary.org/b/isbn/9780000000005-L.jpg', 'cover', 1, 'Cubierta del libro Sistemas que Aprenden 5'),
(5, 'https://covers.openlibrary.org/b/isbn/9780000000005-L.jpg', 'gallery', 1, 'Imagen de galería 1 del libro Sistemas que Aprenden 5'),
(5, 'https://covers.openlibrary.org/b/isbn/9780000000005-M.jpg', 'gallery', 2, 'Imagen de galería 2 del libro Sistemas que Aprenden 5'),
(5, 'https://covers.openlibrary.org/b/isbn/9780000000005-S.jpg', 'gallery', 3, 'Imagen de galería 3 del libro Sistemas que Aprenden 5'),
(6, 'https://covers.openlibrary.org/b/isbn/9780000000006-L.jpg', 'cover', 1, 'Cubierta del libro Ciencia en Movimiento 6'),
(6, 'https://covers.openlibrary.org/b/isbn/9780000000006-L.jpg', 'gallery', 1, 'Imagen de galería 1 del libro Ciencia en Movimiento 6'),
(6, 'https://covers.openlibrary.org/b/isbn/9780000000006-M.jpg', 'gallery', 2, 'Imagen de galería 2 del libro Ciencia en Movimiento 6'),
(6, 'https://covers.openlibrary.org/b/isbn/9780000000006-S.jpg', 'gallery', 3, 'Imagen de galería 3 del libro Ciencia en Movimiento 6'),
(7, 'https://covers.openlibrary.org/b/isbn/9780000000007-L.jpg', 'cover', 1, 'Cubierta del libro Historias de Papel 7'),
(7, 'https://covers.openlibrary.org/b/isbn/9780000000007-L.jpg', 'gallery', 1, 'Imagen de galería 1 del libro Historias de Papel 7'),
(7, 'https://covers.openlibrary.org/b/isbn/9780000000007-M.jpg', 'gallery', 2, 'Imagen de galería 2 del libro Historias de Papel 7'),
(7, 'https://covers.openlibrary.org/b/isbn/9780000000007-S.jpg', 'gallery', 3, 'Imagen de galería 3 del libro Historias de Papel 7'),
(8, 'https://covers.openlibrary.org/b/isbn/9780000000008-L.jpg', 'cover', 1, 'Cubierta del libro El Lenguaje de las Máquinas 8'),
(8, 'https://covers.openlibrary.org/b/isbn/9780000000008-L.jpg', 'gallery', 1, 'Imagen de galería 1 del libro El Lenguaje de las Máquinas 8'),
(8, 'https://covers.openlibrary.org/b/isbn/9780000000008-M.jpg', 'gallery', 2, 'Imagen de galería 2 del libro El Lenguaje de las Máquinas 8'),
(8, 'https://covers.openlibrary.org/b/isbn/9780000000008-S.jpg', 'gallery', 3, 'Imagen de galería 3 del libro El Lenguaje de las Máquinas 8'),
(9, 'https://covers.openlibrary.org/b/isbn/9780000000009-L.jpg', 'cover', 1, 'Cubierta del libro Puentes Digitales 9'),
(9, 'https://covers.openlibrary.org/b/isbn/9780000000009-L.jpg', 'gallery', 1, 'Imagen de galería 1 del libro Puentes Digitales 9'),
(9, 'https://covers.openlibrary.org/b/isbn/9780000000009-M.jpg', 'gallery', 2, 'Imagen de galería 2 del libro Puentes Digitales 9'),
(9, 'https://covers.openlibrary.org/b/isbn/9780000000009-S.jpg', 'gallery', 3, 'Imagen de galería 3 del libro Puentes Digitales 9'),
(10, 'https://covers.openlibrary.org/b/isbn/9780000000010-L.jpg', 'cover', 1, 'Cubierta del libro Cartografía del Conocimiento 10'),
(10, 'https://covers.openlibrary.org/b/isbn/9780000000010-L.jpg', 'gallery', 1, 'Imagen de galería 1 del libro Cartografía del Conocimiento 10'),
(10, 'https://covers.openlibrary.org/b/isbn/9780000000010-M.jpg', 'gallery', 2, 'Imagen de galería 2 del libro Cartografía del Conocimiento 10'),
(10, 'https://covers.openlibrary.org/b/isbn/9780000000010-S.jpg', 'gallery', 3, 'Imagen de galería 3 del libro Cartografía del Conocimiento 10'),
(11, 'https://covers.openlibrary.org/b/isbn/9780000000011-L.jpg', 'cover', 1, 'Cubierta del libro Sombras del Algoritmo 11'),
(11, 'https://covers.openlibrary.org/b/isbn/9780000000011-L.jpg', 'gallery', 1, 'Imagen de galería 1 del libro Sombras del Algoritmo 11'),
(11, 'https://covers.openlibrary.org/b/isbn/9780000000011-M.jpg', 'gallery', 2, 'Imagen de galería 2 del libro Sombras del Algoritmo 11'),
(11, 'https://covers.openlibrary.org/b/isbn/9780000000011-S.jpg', 'gallery', 3, 'Imagen de galería 3 del libro Sombras del Algoritmo 11'),
(12, 'https://covers.openlibrary.org/b/isbn/9780000000012-L.jpg', 'cover', 1, 'Cubierta del libro La Biblioteca Oculta 12'),
(12, 'https://covers.openlibrary.org/b/isbn/9780000000012-L.jpg', 'gallery', 1, 'Imagen de galería 1 del libro La Biblioteca Oculta 12'),
(12, 'https://covers.openlibrary.org/b/isbn/9780000000012-M.jpg', 'gallery', 2, 'Imagen de galería 2 del libro La Biblioteca Oculta 12'),
(12, 'https://covers.openlibrary.org/b/isbn/9780000000012-S.jpg', 'gallery', 3, 'Imagen de galería 3 del libro La Biblioteca Oculta 12'),
(13, 'https://covers.openlibrary.org/b/isbn/9780000000013-L.jpg', 'cover', 1, 'Cubierta del libro Diseño de Realidades 13'),
(13, 'https://covers.openlibrary.org/b/isbn/9780000000013-L.jpg', 'gallery', 1, 'Imagen de galería 1 del libro Diseño de Realidades 13'),
(13, 'https://covers.openlibrary.org/b/isbn/9780000000013-M.jpg', 'gallery', 2, 'Imagen de galería 2 del libro Diseño de Realidades 13'),
(13, 'https://covers.openlibrary.org/b/isbn/9780000000013-S.jpg', 'gallery', 3, 'Imagen de galería 3 del libro Diseño de Realidades 13'),
(14, 'https://covers.openlibrary.org/b/isbn/9780000000014-L.jpg', 'cover', 1, 'Cubierta del libro Ecos de la Innovación 14'),
(14, 'https://covers.openlibrary.org/b/isbn/9780000000014-L.jpg', 'gallery', 1, 'Imagen de galería 1 del libro Ecos de la Innovación 14'),
(14, 'https://covers.openlibrary.org/b/isbn/9780000000014-M.jpg', 'gallery', 2, 'Imagen de galería 2 del libro Ecos de la Innovación 14'),
(14, 'https://covers.openlibrary.org/b/isbn/9780000000014-S.jpg', 'gallery', 3, 'Imagen de galería 3 del libro Ecos de la Innovación 14'),
(15, 'https://covers.openlibrary.org/b/isbn/9780000000015-L.jpg', 'cover', 1, 'Cubierta del libro Manual de Ideas Prácticas 15'),
(15, 'https://covers.openlibrary.org/b/isbn/9780000000015-L.jpg', 'gallery', 1, 'Imagen de galería 1 del libro Manual de Ideas Prácticas 15'),
(15, 'https://covers.openlibrary.org/b/isbn/9780000000015-M.jpg', 'gallery', 2, 'Imagen de galería 2 del libro Manual de Ideas Prácticas 15'),
(15, 'https://covers.openlibrary.org/b/isbn/9780000000015-S.jpg', 'gallery', 3, 'Imagen de galería 3 del libro Manual de Ideas Prácticas 15'),
(16, 'https://covers.openlibrary.org/b/isbn/9780000000016-L.jpg', 'cover', 1, 'Cubierta del libro Fragmentos de Ciudad 16'),
(16, 'https://covers.openlibrary.org/b/isbn/9780000000016-L.jpg', 'gallery', 1, 'Imagen de galería 1 del libro Fragmentos de Ciudad 16'),
(16, 'https://covers.openlibrary.org/b/isbn/9780000000016-M.jpg', 'gallery', 2, 'Imagen de galería 2 del libro Fragmentos de Ciudad 16'),
(16, 'https://covers.openlibrary.org/b/isbn/9780000000016-S.jpg', 'gallery', 3, 'Imagen de galería 3 del libro Fragmentos de Ciudad 16'),
(17, 'https://covers.openlibrary.org/b/isbn/9780000000017-L.jpg', 'cover', 1, 'Cubierta del libro Horizontes de Software 17'),
(17, 'https://covers.openlibrary.org/b/isbn/9780000000017-L.jpg', 'gallery', 1, 'Imagen de galería 1 del libro Horizontes de Software 17'),
(17, 'https://covers.openlibrary.org/b/isbn/9780000000017-M.jpg', 'gallery', 2, 'Imagen de galería 2 del libro Horizontes de Software 17'),
(17, 'https://covers.openlibrary.org/b/isbn/9780000000017-S.jpg', 'gallery', 3, 'Imagen de galería 3 del libro Horizontes de Software 17'),
(18, 'https://covers.openlibrary.org/b/isbn/9780000000018-L.jpg', 'cover', 1, 'Cubierta del libro Lecturas para el Cambio 18'),
(18, 'https://covers.openlibrary.org/b/isbn/9780000000018-L.jpg', 'gallery', 1, 'Imagen de galería 1 del libro Lecturas para el Cambio 18'),
(18, 'https://covers.openlibrary.org/b/isbn/9780000000018-M.jpg', 'gallery', 2, 'Imagen de galería 2 del libro Lecturas para el Cambio 18'),
(18, 'https://covers.openlibrary.org/b/isbn/9780000000018-S.jpg', 'gallery', 3, 'Imagen de galería 3 del libro Lecturas para el Cambio 18'),
(19, 'https://covers.openlibrary.org/b/isbn/9780000000019-L.jpg', 'cover', 1, 'Cubierta del libro La Forma del Tiempo 19'),
(19, 'https://covers.openlibrary.org/b/isbn/9780000000019-L.jpg', 'gallery', 1, 'Imagen de galería 1 del libro La Forma del Tiempo 19'),
(19, 'https://covers.openlibrary.org/b/isbn/9780000000019-M.jpg', 'gallery', 2, 'Imagen de galería 2 del libro La Forma del Tiempo 19'),
(19, 'https://covers.openlibrary.org/b/isbn/9780000000019-S.jpg', 'gallery', 3, 'Imagen de galería 3 del libro La Forma del Tiempo 19'),
(20, 'https://covers.openlibrary.org/b/isbn/9780000000020-L.jpg', 'cover', 1, 'Cubierta del libro Notas de Investigación 20'),
(20, 'https://covers.openlibrary.org/b/isbn/9780000000020-L.jpg', 'gallery', 1, 'Imagen de galería 1 del libro Notas de Investigación 20'),
(20, 'https://covers.openlibrary.org/b/isbn/9780000000020-M.jpg', 'gallery', 2, 'Imagen de galería 2 del libro Notas de Investigación 20'),
(20, 'https://covers.openlibrary.org/b/isbn/9780000000020-S.jpg', 'gallery', 3, 'Imagen de galería 3 del libro Notas de Investigación 20'),
(21, 'https://covers.openlibrary.org/b/isbn/9780000000021-L.jpg', 'cover', 1, 'Cubierta del libro El Invisible Silencio 21'),
(21, 'https://covers.openlibrary.org/b/isbn/9780000000021-L.jpg', 'gallery', 1, 'Imagen de galería 1 del libro El Invisible Silencio 21'),
(21, 'https://covers.openlibrary.org/b/isbn/9780000000021-M.jpg', 'gallery', 2, 'Imagen de galería 2 del libro El Invisible Silencio 21'),
(21, 'https://covers.openlibrary.org/b/isbn/9780000000021-S.jpg', 'gallery', 3, 'Imagen de galería 3 del libro El Invisible Silencio 21'),
(22, 'https://covers.openlibrary.org/b/isbn/9780000000022-L.jpg', 'cover', 1, 'Cubierta del libro Arquitecturas del Futuro 22'),
(22, 'https://covers.openlibrary.org/b/isbn/9780000000022-L.jpg', 'gallery', 1, 'Imagen de galería 1 del libro Arquitecturas del Futuro 22'),
(22, 'https://covers.openlibrary.org/b/isbn/9780000000022-M.jpg', 'gallery', 2, 'Imagen de galería 2 del libro Arquitecturas del Futuro 22'),
(22, 'https://covers.openlibrary.org/b/isbn/9780000000022-S.jpg', 'gallery', 3, 'Imagen de galería 3 del libro Arquitecturas del Futuro 22'),
(23, 'https://covers.openlibrary.org/b/isbn/9780000000023-L.jpg', 'cover', 1, 'Cubierta del libro Código y Memoria 23'),
(23, 'https://covers.openlibrary.org/b/isbn/9780000000023-L.jpg', 'gallery', 1, 'Imagen de galería 1 del libro Código y Memoria 23'),
(23, 'https://covers.openlibrary.org/b/isbn/9780000000023-M.jpg', 'gallery', 2, 'Imagen de galería 2 del libro Código y Memoria 23'),
(23, 'https://covers.openlibrary.org/b/isbn/9780000000023-S.jpg', 'gallery', 3, 'Imagen de galería 3 del libro Código y Memoria 23'),
(24, 'https://covers.openlibrary.org/b/isbn/9780000000024-L.jpg', 'cover', 1, 'Cubierta del libro La Ruta de los Datos 24'),
(24, 'https://covers.openlibrary.org/b/isbn/9780000000024-L.jpg', 'gallery', 1, 'Imagen de galería 1 del libro La Ruta de los Datos 24'),
(24, 'https://covers.openlibrary.org/b/isbn/9780000000024-M.jpg', 'gallery', 2, 'Imagen de galería 2 del libro La Ruta de los Datos 24'),
(24, 'https://covers.openlibrary.org/b/isbn/9780000000024-S.jpg', 'gallery', 3, 'Imagen de galería 3 del libro La Ruta de los Datos 24'),
(25, 'https://covers.openlibrary.org/b/isbn/9780000000025-L.jpg', 'cover', 1, 'Cubierta del libro Sistemas que Aprenden 25'),
(25, 'https://covers.openlibrary.org/b/isbn/9780000000025-L.jpg', 'gallery', 1, 'Imagen de galería 1 del libro Sistemas que Aprenden 25'),
(25, 'https://covers.openlibrary.org/b/isbn/9780000000025-M.jpg', 'gallery', 2, 'Imagen de galería 2 del libro Sistemas que Aprenden 25'),
(25, 'https://covers.openlibrary.org/b/isbn/9780000000025-S.jpg', 'gallery', 3, 'Imagen de galería 3 del libro Sistemas que Aprenden 25'),
(26, 'https://covers.openlibrary.org/b/isbn/9780000000026-L.jpg', 'cover', 1, 'Cubierta del libro Ciencia en Movimiento 26'),
(26, 'https://covers.openlibrary.org/b/isbn/9780000000026-L.jpg', 'gallery', 1, 'Imagen de galería 1 del libro Ciencia en Movimiento 26'),
(26, 'https://covers.openlibrary.org/b/isbn/9780000000026-M.jpg', 'gallery', 2, 'Imagen de galería 2 del libro Ciencia en Movimiento 26'),
(26, 'https://covers.openlibrary.org/b/isbn/9780000000026-S.jpg', 'gallery', 3, 'Imagen de galería 3 del libro Ciencia en Movimiento 26'),
(27, 'https://covers.openlibrary.org/b/isbn/9780000000027-L.jpg', 'cover', 1, 'Cubierta del libro Historias de Papel 27'),
(27, 'https://covers.openlibrary.org/b/isbn/9780000000027-L.jpg', 'gallery', 1, 'Imagen de galería 1 del libro Historias de Papel 27'),
(27, 'https://covers.openlibrary.org/b/isbn/9780000000027-M.jpg', 'gallery', 2, 'Imagen de galería 2 del libro Historias de Papel 27'),
(27, 'https://covers.openlibrary.org/b/isbn/9780000000027-S.jpg', 'gallery', 3, 'Imagen de galería 3 del libro Historias de Papel 27'),
(28, 'https://covers.openlibrary.org/b/isbn/9780000000028-L.jpg', 'cover', 1, 'Cubierta del libro El Lenguaje de las Máquinas 28'),
(28, 'https://covers.openlibrary.org/b/isbn/9780000000028-L.jpg', 'gallery', 1, 'Imagen de galería 1 del libro El Lenguaje de las Máquinas 28'),
(28, 'https://covers.openlibrary.org/b/isbn/9780000000028-M.jpg', 'gallery', 2, 'Imagen de galería 2 del libro El Lenguaje de las Máquinas 28'),
(28, 'https://covers.openlibrary.org/b/isbn/9780000000028-S.jpg', 'gallery', 3, 'Imagen de galería 3 del libro El Lenguaje de las Máquinas 28'),
(29, 'https://covers.openlibrary.org/b/isbn/9780000000029-L.jpg', 'cover', 1, 'Cubierta del libro Puentes Digitales 29'),
(29, 'https://covers.openlibrary.org/b/isbn/9780000000029-L.jpg', 'gallery', 1, 'Imagen de galería 1 del libro Puentes Digitales 29'),
(29, 'https://covers.openlibrary.org/b/isbn/9780000000029-M.jpg', 'gallery', 2, 'Imagen de galería 2 del libro Puentes Digitales 29'),
(29, 'https://covers.openlibrary.org/b/isbn/9780000000029-S.jpg', 'gallery', 3, 'Imagen de galería 3 del libro Puentes Digitales 29'),
(30, 'https://covers.openlibrary.org/b/isbn/9780000000030-L.jpg', 'cover', 1, 'Cubierta del libro Cartografía del Conocimiento 30'),
(30, 'https://covers.openlibrary.org/b/isbn/9780000000030-L.jpg', 'gallery', 1, 'Imagen de galería 1 del libro Cartografía del Conocimiento 30'),
(30, 'https://covers.openlibrary.org/b/isbn/9780000000030-M.jpg', 'gallery', 2, 'Imagen de galería 2 del libro Cartografía del Conocimiento 30'),
(30, 'https://covers.openlibrary.org/b/isbn/9780000000030-S.jpg', 'gallery', 3, 'Imagen de galería 3 del libro Cartografía del Conocimiento 30'),
(31, 'https://covers.openlibrary.org/b/isbn/9780000000031-L.jpg', 'cover', 1, 'Cubierta del libro Sombras del Algoritmo 31'),
(31, 'https://covers.openlibrary.org/b/isbn/9780000000031-L.jpg', 'gallery', 1, 'Imagen de galería 1 del libro Sombras del Algoritmo 31'),
(31, 'https://covers.openlibrary.org/b/isbn/9780000000031-M.jpg', 'gallery', 2, 'Imagen de galería 2 del libro Sombras del Algoritmo 31'),
(31, 'https://covers.openlibrary.org/b/isbn/9780000000031-S.jpg', 'gallery', 3, 'Imagen de galería 3 del libro Sombras del Algoritmo 31'),
(32, 'https://covers.openlibrary.org/b/isbn/9780000000032-L.jpg', 'cover', 1, 'Cubierta del libro La Biblioteca Oculta 32'),
(32, 'https://covers.openlibrary.org/b/isbn/9780000000032-L.jpg', 'gallery', 1, 'Imagen de galería 1 del libro La Biblioteca Oculta 32'),
(32, 'https://covers.openlibrary.org/b/isbn/9780000000032-M.jpg', 'gallery', 2, 'Imagen de galería 2 del libro La Biblioteca Oculta 32'),
(32, 'https://covers.openlibrary.org/b/isbn/9780000000032-S.jpg', 'gallery', 3, 'Imagen de galería 3 del libro La Biblioteca Oculta 32'),
(33, 'https://covers.openlibrary.org/b/isbn/9780000000033-L.jpg', 'cover', 1, 'Cubierta del libro Diseño de Realidades 33'),
(33, 'https://covers.openlibrary.org/b/isbn/9780000000033-L.jpg', 'gallery', 1, 'Imagen de galería 1 del libro Diseño de Realidades 33'),
(33, 'https://covers.openlibrary.org/b/isbn/9780000000033-M.jpg', 'gallery', 2, 'Imagen de galería 2 del libro Diseño de Realidades 33'),
(33, 'https://covers.openlibrary.org/b/isbn/9780000000033-S.jpg', 'gallery', 3, 'Imagen de galería 3 del libro Diseño de Realidades 33'),
(34, 'https://covers.openlibrary.org/b/isbn/9780000000034-L.jpg', 'cover', 1, 'Cubierta del libro Ecos de la Innovación 34'),
(34, 'https://covers.openlibrary.org/b/isbn/9780000000034-L.jpg', 'gallery', 1, 'Imagen de galería 1 del libro Ecos de la Innovación 34'),
(34, 'https://covers.openlibrary.org/b/isbn/9780000000034-M.jpg', 'gallery', 2, 'Imagen de galería 2 del libro Ecos de la Innovación 34'),
(34, 'https://covers.openlibrary.org/b/isbn/9780000000034-S.jpg', 'gallery', 3, 'Imagen de galería 3 del libro Ecos de la Innovación 34'),
(35, 'https://covers.openlibrary.org/b/isbn/9780000000035-L.jpg', 'cover', 1, 'Cubierta del libro Manual de Ideas Prácticas 35'),
(35, 'https://covers.openlibrary.org/b/isbn/9780000000035-L.jpg', 'gallery', 1, 'Imagen de galería 1 del libro Manual de Ideas Prácticas 35'),
(35, 'https://covers.openlibrary.org/b/isbn/9780000000035-M.jpg', 'gallery', 2, 'Imagen de galería 2 del libro Manual de Ideas Prácticas 35'),
(35, 'https://covers.openlibrary.org/b/isbn/9780000000035-S.jpg', 'gallery', 3, 'Imagen de galería 3 del libro Manual de Ideas Prácticas 35'),
(36, 'https://covers.openlibrary.org/b/isbn/9780000000036-L.jpg', 'cover', 1, 'Cubierta del libro Fragmentos de Ciudad 36'),
(36, 'https://covers.openlibrary.org/b/isbn/9780000000036-L.jpg', 'gallery', 1, 'Imagen de galería 1 del libro Fragmentos de Ciudad 36'),
(36, 'https://covers.openlibrary.org/b/isbn/9780000000036-M.jpg', 'gallery', 2, 'Imagen de galería 2 del libro Fragmentos de Ciudad 36'),
(36, 'https://covers.openlibrary.org/b/isbn/9780000000036-S.jpg', 'gallery', 3, 'Imagen de galería 3 del libro Fragmentos de Ciudad 36'),
(37, 'https://covers.openlibrary.org/b/isbn/9780000000037-L.jpg', 'cover', 1, 'Cubierta del libro Horizontes de Software 37'),
(37, 'https://covers.openlibrary.org/b/isbn/9780000000037-L.jpg', 'gallery', 1, 'Imagen de galería 1 del libro Horizontes de Software 37'),
(37, 'https://covers.openlibrary.org/b/isbn/9780000000037-M.jpg', 'gallery', 2, 'Imagen de galería 2 del libro Horizontes de Software 37'),
(37, 'https://covers.openlibrary.org/b/isbn/9780000000037-S.jpg', 'gallery', 3, 'Imagen de galería 3 del libro Horizontes de Software 37'),
(38, 'https://covers.openlibrary.org/b/isbn/9780000000038-L.jpg', 'cover', 1, 'Cubierta del libro Lecturas para el Cambio 38'),
(38, 'https://covers.openlibrary.org/b/isbn/9780000000038-L.jpg', 'gallery', 1, 'Imagen de galería 1 del libro Lecturas para el Cambio 38'),
(38, 'https://covers.openlibrary.org/b/isbn/9780000000038-M.jpg', 'gallery', 2, 'Imagen de galería 2 del libro Lecturas para el Cambio 38'),
(38, 'https://covers.openlibrary.org/b/isbn/9780000000038-S.jpg', 'gallery', 3, 'Imagen de galería 3 del libro Lecturas para el Cambio 38'),
(39, 'https://covers.openlibrary.org/b/isbn/9780000000039-L.jpg', 'cover', 1, 'Cubierta del libro La Forma del Tiempo 39'),
(39, 'https://covers.openlibrary.org/b/isbn/9780000000039-L.jpg', 'gallery', 1, 'Imagen de galería 1 del libro La Forma del Tiempo 39'),
(39, 'https://covers.openlibrary.org/b/isbn/9780000000039-M.jpg', 'gallery', 2, 'Imagen de galería 2 del libro La Forma del Tiempo 39'),
(39, 'https://covers.openlibrary.org/b/isbn/9780000000039-S.jpg', 'gallery', 3, 'Imagen de galería 3 del libro La Forma del Tiempo 39'),
(40, 'https://covers.openlibrary.org/b/isbn/9780000000040-L.jpg', 'cover', 1, 'Cubierta del libro Notas de Investigación 40'),
(40, 'https://covers.openlibrary.org/b/isbn/9780000000040-L.jpg', 'gallery', 1, 'Imagen de galería 1 del libro Notas de Investigación 40'),
(40, 'https://covers.openlibrary.org/b/isbn/9780000000040-M.jpg', 'gallery', 2, 'Imagen de galería 2 del libro Notas de Investigación 40'),
(40, 'https://covers.openlibrary.org/b/isbn/9780000000040-S.jpg', 'gallery', 3, 'Imagen de galería 3 del libro Notas de Investigación 40'),
(41, 'https://covers.openlibrary.org/b/isbn/9780000000041-L.jpg', 'cover', 1, 'Cubierta del libro El Invisible Silencio 41'),
(41, 'https://covers.openlibrary.org/b/isbn/9780000000041-L.jpg', 'gallery', 1, 'Imagen de galería 1 del libro El Invisible Silencio 41'),
(41, 'https://covers.openlibrary.org/b/isbn/9780000000041-M.jpg', 'gallery', 2, 'Imagen de galería 2 del libro El Invisible Silencio 41'),
(41, 'https://covers.openlibrary.org/b/isbn/9780000000041-S.jpg', 'gallery', 3, 'Imagen de galería 3 del libro El Invisible Silencio 41'),
(42, 'https://covers.openlibrary.org/b/isbn/9780000000042-L.jpg', 'cover', 1, 'Cubierta del libro Arquitecturas del Futuro 42'),
(42, 'https://covers.openlibrary.org/b/isbn/9780000000042-L.jpg', 'gallery', 1, 'Imagen de galería 1 del libro Arquitecturas del Futuro 42'),
(42, 'https://covers.openlibrary.org/b/isbn/9780000000042-M.jpg', 'gallery', 2, 'Imagen de galería 2 del libro Arquitecturas del Futuro 42'),
(42, 'https://covers.openlibrary.org/b/isbn/9780000000042-S.jpg', 'gallery', 3, 'Imagen de galería 3 del libro Arquitecturas del Futuro 42'),
(43, 'https://covers.openlibrary.org/b/isbn/9780000000043-L.jpg', 'cover', 1, 'Cubierta del libro Código y Memoria 43'),
(43, 'https://covers.openlibrary.org/b/isbn/9780000000043-L.jpg', 'gallery', 1, 'Imagen de galería 1 del libro Código y Memoria 43'),
(43, 'https://covers.openlibrary.org/b/isbn/9780000000043-M.jpg', 'gallery', 2, 'Imagen de galería 2 del libro Código y Memoria 43'),
(43, 'https://covers.openlibrary.org/b/isbn/9780000000043-S.jpg', 'gallery', 3, 'Imagen de galería 3 del libro Código y Memoria 43'),
(44, 'https://covers.openlibrary.org/b/isbn/9780000000044-L.jpg', 'cover', 1, 'Cubierta del libro La Ruta de los Datos 44'),
(44, 'https://covers.openlibrary.org/b/isbn/9780000000044-L.jpg', 'gallery', 1, 'Imagen de galería 1 del libro La Ruta de los Datos 44'),
(44, 'https://covers.openlibrary.org/b/isbn/9780000000044-M.jpg', 'gallery', 2, 'Imagen de galería 2 del libro La Ruta de los Datos 44'),
(44, 'https://covers.openlibrary.org/b/isbn/9780000000044-S.jpg', 'gallery', 3, 'Imagen de galería 3 del libro La Ruta de los Datos 44'),
(45, 'https://covers.openlibrary.org/b/isbn/9780000000045-L.jpg', 'cover', 1, 'Cubierta del libro Sistemas que Aprenden 45'),
(45, 'https://covers.openlibrary.org/b/isbn/9780000000045-L.jpg', 'gallery', 1, 'Imagen de galería 1 del libro Sistemas que Aprenden 45'),
(45, 'https://covers.openlibrary.org/b/isbn/9780000000045-M.jpg', 'gallery', 2, 'Imagen de galería 2 del libro Sistemas que Aprenden 45'),
(45, 'https://covers.openlibrary.org/b/isbn/9780000000045-S.jpg', 'gallery', 3, 'Imagen de galería 3 del libro Sistemas que Aprenden 45'),
(46, 'https://covers.openlibrary.org/b/isbn/9780000000046-L.jpg', 'cover', 1, 'Cubierta del libro Ciencia en Movimiento 46'),
(46, 'https://covers.openlibrary.org/b/isbn/9780000000046-L.jpg', 'gallery', 1, 'Imagen de galería 1 del libro Ciencia en Movimiento 46'),
(46, 'https://covers.openlibrary.org/b/isbn/9780000000046-M.jpg', 'gallery', 2, 'Imagen de galería 2 del libro Ciencia en Movimiento 46'),
(46, 'https://covers.openlibrary.org/b/isbn/9780000000046-S.jpg', 'gallery', 3, 'Imagen de galería 3 del libro Ciencia en Movimiento 46'),
(47, 'https://covers.openlibrary.org/b/isbn/9780000000047-L.jpg', 'cover', 1, 'Cubierta del libro Historias de Papel 47'),
(47, 'https://covers.openlibrary.org/b/isbn/9780000000047-L.jpg', 'gallery', 1, 'Imagen de galería 1 del libro Historias de Papel 47'),
(47, 'https://covers.openlibrary.org/b/isbn/9780000000047-M.jpg', 'gallery', 2, 'Imagen de galería 2 del libro Historias de Papel 47'),
(47, 'https://covers.openlibrary.org/b/isbn/9780000000047-S.jpg', 'gallery', 3, 'Imagen de galería 3 del libro Historias de Papel 47'),
(48, 'https://covers.openlibrary.org/b/isbn/9780000000048-L.jpg', 'cover', 1, 'Cubierta del libro El Lenguaje de las Máquinas 48'),
(48, 'https://covers.openlibrary.org/b/isbn/9780000000048-L.jpg', 'gallery', 1, 'Imagen de galería 1 del libro El Lenguaje de las Máquinas 48'),
(48, 'https://covers.openlibrary.org/b/isbn/9780000000048-M.jpg', 'gallery', 2, 'Imagen de galería 2 del libro El Lenguaje de las Máquinas 48'),
(48, 'https://covers.openlibrary.org/b/isbn/9780000000048-S.jpg', 'gallery', 3, 'Imagen de galería 3 del libro El Lenguaje de las Máquinas 48'),
(49, 'https://covers.openlibrary.org/b/isbn/9780000000049-L.jpg', 'cover', 1, 'Cubierta del libro Puentes Digitales 49'),
(49, 'https://covers.openlibrary.org/b/isbn/9780000000049-L.jpg', 'gallery', 1, 'Imagen de galería 1 del libro Puentes Digitales 49'),
(49, 'https://covers.openlibrary.org/b/isbn/9780000000049-M.jpg', 'gallery', 2, 'Imagen de galería 2 del libro Puentes Digitales 49'),
(49, 'https://covers.openlibrary.org/b/isbn/9780000000049-S.jpg', 'gallery', 3, 'Imagen de galería 3 del libro Puentes Digitales 49'),
(50, 'https://covers.openlibrary.org/b/isbn/9780000000050-L.jpg', 'cover', 1, 'Cubierta del libro Cartografía del Conocimiento 50'),
(50, 'https://covers.openlibrary.org/b/isbn/9780000000050-L.jpg', 'gallery', 1, 'Imagen de galería 1 del libro Cartografía del Conocimiento 50'),
(50, 'https://covers.openlibrary.org/b/isbn/9780000000050-M.jpg', 'gallery', 2, 'Imagen de galería 2 del libro Cartografía del Conocimiento 50'),
(50, 'https://covers.openlibrary.org/b/isbn/9780000000050-S.jpg', 'gallery', 3, 'Imagen de galería 3 del libro Cartografía del Conocimiento 50'),
(51, 'https://covers.openlibrary.org/b/isbn/9780000000051-L.jpg', 'cover', 1, 'Cubierta del libro Sombras del Algoritmo 51'),
(51, 'https://covers.openlibrary.org/b/isbn/9780000000051-L.jpg', 'gallery', 1, 'Imagen de galería 1 del libro Sombras del Algoritmo 51'),
(51, 'https://covers.openlibrary.org/b/isbn/9780000000051-M.jpg', 'gallery', 2, 'Imagen de galería 2 del libro Sombras del Algoritmo 51'),
(51, 'https://covers.openlibrary.org/b/isbn/9780000000051-S.jpg', 'gallery', 3, 'Imagen de galería 3 del libro Sombras del Algoritmo 51'),
(52, 'https://covers.openlibrary.org/b/isbn/9780000000052-L.jpg', 'cover', 1, 'Cubierta del libro La Biblioteca Oculta 52'),
(52, 'https://covers.openlibrary.org/b/isbn/9780000000052-L.jpg', 'gallery', 1, 'Imagen de galería 1 del libro La Biblioteca Oculta 52'),
(52, 'https://covers.openlibrary.org/b/isbn/9780000000052-M.jpg', 'gallery', 2, 'Imagen de galería 2 del libro La Biblioteca Oculta 52'),
(52, 'https://covers.openlibrary.org/b/isbn/9780000000052-S.jpg', 'gallery', 3, 'Imagen de galería 3 del libro La Biblioteca Oculta 52'),
(53, 'https://covers.openlibrary.org/b/isbn/9780000000053-L.jpg', 'cover', 1, 'Cubierta del libro Diseño de Realidades 53'),
(53, 'https://covers.openlibrary.org/b/isbn/9780000000053-L.jpg', 'gallery', 1, 'Imagen de galería 1 del libro Diseño de Realidades 53'),
(53, 'https://covers.openlibrary.org/b/isbn/9780000000053-M.jpg', 'gallery', 2, 'Imagen de galería 2 del libro Diseño de Realidades 53'),
(53, 'https://covers.openlibrary.org/b/isbn/9780000000053-S.jpg', 'gallery', 3, 'Imagen de galería 3 del libro Diseño de Realidades 53'),
(54, 'https://covers.openlibrary.org/b/isbn/9780000000054-L.jpg', 'cover', 1, 'Cubierta del libro Ecos de la Innovación 54'),
(54, 'https://covers.openlibrary.org/b/isbn/9780000000054-L.jpg', 'gallery', 1, 'Imagen de galería 1 del libro Ecos de la Innovación 54'),
(54, 'https://covers.openlibrary.org/b/isbn/9780000000054-M.jpg', 'gallery', 2, 'Imagen de galería 2 del libro Ecos de la Innovación 54'),
(54, 'https://covers.openlibrary.org/b/isbn/9780000000054-S.jpg', 'gallery', 3, 'Imagen de galería 3 del libro Ecos de la Innovación 54'),
(55, 'https://covers.openlibrary.org/b/isbn/9780000000055-L.jpg', 'cover', 1, 'Cubierta del libro Manual de Ideas Prácticas 55'),
(55, 'https://covers.openlibrary.org/b/isbn/9780000000055-L.jpg', 'gallery', 1, 'Imagen de galería 1 del libro Manual de Ideas Prácticas 55'),
(55, 'https://covers.openlibrary.org/b/isbn/9780000000055-M.jpg', 'gallery', 2, 'Imagen de galería 2 del libro Manual de Ideas Prácticas 55'),
(55, 'https://covers.openlibrary.org/b/isbn/9780000000055-S.jpg', 'gallery', 3, 'Imagen de galería 3 del libro Manual de Ideas Prácticas 55'),
(56, 'https://covers.openlibrary.org/b/isbn/9780000000056-L.jpg', 'cover', 1, 'Cubierta del libro Fragmentos de Ciudad 56'),
(56, 'https://covers.openlibrary.org/b/isbn/9780000000056-L.jpg', 'gallery', 1, 'Imagen de galería 1 del libro Fragmentos de Ciudad 56'),
(56, 'https://covers.openlibrary.org/b/isbn/9780000000056-M.jpg', 'gallery', 2, 'Imagen de galería 2 del libro Fragmentos de Ciudad 56'),
(56, 'https://covers.openlibrary.org/b/isbn/9780000000056-S.jpg', 'gallery', 3, 'Imagen de galería 3 del libro Fragmentos de Ciudad 56'),
(57, 'https://covers.openlibrary.org/b/isbn/9780000000057-L.jpg', 'cover', 1, 'Cubierta del libro Horizontes de Software 57'),
(57, 'https://covers.openlibrary.org/b/isbn/9780000000057-L.jpg', 'gallery', 1, 'Imagen de galería 1 del libro Horizontes de Software 57'),
(57, 'https://covers.openlibrary.org/b/isbn/9780000000057-M.jpg', 'gallery', 2, 'Imagen de galería 2 del libro Horizontes de Software 57'),
(57, 'https://covers.openlibrary.org/b/isbn/9780000000057-S.jpg', 'gallery', 3, 'Imagen de galería 3 del libro Horizontes de Software 57'),
(58, 'https://covers.openlibrary.org/b/isbn/9780000000058-L.jpg', 'cover', 1, 'Cubierta del libro Lecturas para el Cambio 58'),
(58, 'https://covers.openlibrary.org/b/isbn/9780000000058-L.jpg', 'gallery', 1, 'Imagen de galería 1 del libro Lecturas para el Cambio 58'),
(58, 'https://covers.openlibrary.org/b/isbn/9780000000058-M.jpg', 'gallery', 2, 'Imagen de galería 2 del libro Lecturas para el Cambio 58'),
(58, 'https://covers.openlibrary.org/b/isbn/9780000000058-S.jpg', 'gallery', 3, 'Imagen de galería 3 del libro Lecturas para el Cambio 58'),
(59, 'https://covers.openlibrary.org/b/isbn/9780000000059-L.jpg', 'cover', 1, 'Cubierta del libro La Forma del Tiempo 59'),
(59, 'https://covers.openlibrary.org/b/isbn/9780000000059-L.jpg', 'gallery', 1, 'Imagen de galería 1 del libro La Forma del Tiempo 59'),
(59, 'https://covers.openlibrary.org/b/isbn/9780000000059-M.jpg', 'gallery', 2, 'Imagen de galería 2 del libro La Forma del Tiempo 59'),
(59, 'https://covers.openlibrary.org/b/isbn/9780000000059-S.jpg', 'gallery', 3, 'Imagen de galería 3 del libro La Forma del Tiempo 59'),
(60, 'https://covers.openlibrary.org/b/isbn/9780000000060-L.jpg', 'cover', 1, 'Cubierta del libro Notas de Investigación 60'),
(60, 'https://covers.openlibrary.org/b/isbn/9780000000060-L.jpg', 'gallery', 1, 'Imagen de galería 1 del libro Notas de Investigación 60'),
(60, 'https://covers.openlibrary.org/b/isbn/9780000000060-M.jpg', 'gallery', 2, 'Imagen de galería 2 del libro Notas de Investigación 60'),
(60, 'https://covers.openlibrary.org/b/isbn/9780000000060-S.jpg', 'gallery', 3, 'Imagen de galería 3 del libro Notas de Investigación 60'),
(61, 'https://covers.openlibrary.org/b/isbn/9780000000061-L.jpg', 'cover', 1, 'Cubierta del libro El Invisible Silencio 61'),
(61, 'https://covers.openlibrary.org/b/isbn/9780000000061-L.jpg', 'gallery', 1, 'Imagen de galería 1 del libro El Invisible Silencio 61'),
(61, 'https://covers.openlibrary.org/b/isbn/9780000000061-M.jpg', 'gallery', 2, 'Imagen de galería 2 del libro El Invisible Silencio 61'),
(61, 'https://covers.openlibrary.org/b/isbn/9780000000061-S.jpg', 'gallery', 3, 'Imagen de galería 3 del libro El Invisible Silencio 61'),
(62, 'https://covers.openlibrary.org/b/isbn/9780000000062-L.jpg', 'cover', 1, 'Cubierta del libro Arquitecturas del Futuro 62'),
(62, 'https://covers.openlibrary.org/b/isbn/9780000000062-L.jpg', 'gallery', 1, 'Imagen de galería 1 del libro Arquitecturas del Futuro 62'),
(62, 'https://covers.openlibrary.org/b/isbn/9780000000062-M.jpg', 'gallery', 2, 'Imagen de galería 2 del libro Arquitecturas del Futuro 62'),
(62, 'https://covers.openlibrary.org/b/isbn/9780000000062-S.jpg', 'gallery', 3, 'Imagen de galería 3 del libro Arquitecturas del Futuro 62'),
(63, 'https://covers.openlibrary.org/b/isbn/9780000000063-L.jpg', 'cover', 1, 'Cubierta del libro Código y Memoria 63'),
(63, 'https://covers.openlibrary.org/b/isbn/9780000000063-L.jpg', 'gallery', 1, 'Imagen de galería 1 del libro Código y Memoria 63'),
(63, 'https://covers.openlibrary.org/b/isbn/9780000000063-M.jpg', 'gallery', 2, 'Imagen de galería 2 del libro Código y Memoria 63'),
(63, 'https://covers.openlibrary.org/b/isbn/9780000000063-S.jpg', 'gallery', 3, 'Imagen de galería 3 del libro Código y Memoria 63'),
(64, 'https://covers.openlibrary.org/b/isbn/9780000000064-L.jpg', 'cover', 1, 'Cubierta del libro La Ruta de los Datos 64'),
(64, 'https://covers.openlibrary.org/b/isbn/9780000000064-L.jpg', 'gallery', 1, 'Imagen de galería 1 del libro La Ruta de los Datos 64'),
(64, 'https://covers.openlibrary.org/b/isbn/9780000000064-M.jpg', 'gallery', 2, 'Imagen de galería 2 del libro La Ruta de los Datos 64'),
(64, 'https://covers.openlibrary.org/b/isbn/9780000000064-S.jpg', 'gallery', 3, 'Imagen de galería 3 del libro La Ruta de los Datos 64'),
(65, 'https://covers.openlibrary.org/b/isbn/9780000000065-L.jpg', 'cover', 1, 'Cubierta del libro Sistemas que Aprenden 65'),
(65, 'https://covers.openlibrary.org/b/isbn/9780000000065-L.jpg', 'gallery', 1, 'Imagen de galería 1 del libro Sistemas que Aprenden 65'),
(65, 'https://covers.openlibrary.org/b/isbn/9780000000065-M.jpg', 'gallery', 2, 'Imagen de galería 2 del libro Sistemas que Aprenden 65'),
(65, 'https://covers.openlibrary.org/b/isbn/9780000000065-S.jpg', 'gallery', 3, 'Imagen de galería 3 del libro Sistemas que Aprenden 65'),
(66, 'https://covers.openlibrary.org/b/isbn/9780000000066-L.jpg', 'cover', 1, 'Cubierta del libro Ciencia en Movimiento 66'),
(66, 'https://covers.openlibrary.org/b/isbn/9780000000066-L.jpg', 'gallery', 1, 'Imagen de galería 1 del libro Ciencia en Movimiento 66'),
(66, 'https://covers.openlibrary.org/b/isbn/9780000000066-M.jpg', 'gallery', 2, 'Imagen de galería 2 del libro Ciencia en Movimiento 66'),
(66, 'https://covers.openlibrary.org/b/isbn/9780000000066-S.jpg', 'gallery', 3, 'Imagen de galería 3 del libro Ciencia en Movimiento 66'),
(67, 'https://covers.openlibrary.org/b/isbn/9780000000067-L.jpg', 'cover', 1, 'Cubierta del libro Historias de Papel 67'),
(67, 'https://covers.openlibrary.org/b/isbn/9780000000067-L.jpg', 'gallery', 1, 'Imagen de galería 1 del libro Historias de Papel 67'),
(67, 'https://covers.openlibrary.org/b/isbn/9780000000067-M.jpg', 'gallery', 2, 'Imagen de galería 2 del libro Historias de Papel 67'),
(67, 'https://covers.openlibrary.org/b/isbn/9780000000067-S.jpg', 'gallery', 3, 'Imagen de galería 3 del libro Historias de Papel 67'),
(68, 'https://covers.openlibrary.org/b/isbn/9780000000068-L.jpg', 'cover', 1, 'Cubierta del libro El Lenguaje de las Máquinas 68'),
(68, 'https://covers.openlibrary.org/b/isbn/9780000000068-L.jpg', 'gallery', 1, 'Imagen de galería 1 del libro El Lenguaje de las Máquinas 68'),
(68, 'https://covers.openlibrary.org/b/isbn/9780000000068-M.jpg', 'gallery', 2, 'Imagen de galería 2 del libro El Lenguaje de las Máquinas 68'),
(68, 'https://covers.openlibrary.org/b/isbn/9780000000068-S.jpg', 'gallery', 3, 'Imagen de galería 3 del libro El Lenguaje de las Máquinas 68'),
(69, 'https://covers.openlibrary.org/b/isbn/9780000000069-L.jpg', 'cover', 1, 'Cubierta del libro Puentes Digitales 69'),
(69, 'https://covers.openlibrary.org/b/isbn/9780000000069-L.jpg', 'gallery', 1, 'Imagen de galería 1 del libro Puentes Digitales 69'),
(69, 'https://covers.openlibrary.org/b/isbn/9780000000069-M.jpg', 'gallery', 2, 'Imagen de galería 2 del libro Puentes Digitales 69'),
(69, 'https://covers.openlibrary.org/b/isbn/9780000000069-S.jpg', 'gallery', 3, 'Imagen de galería 3 del libro Puentes Digitales 69'),
(70, 'https://covers.openlibrary.org/b/isbn/9780000000070-L.jpg', 'cover', 1, 'Cubierta del libro Cartografía del Conocimiento 70'),
(70, 'https://covers.openlibrary.org/b/isbn/9780000000070-L.jpg', 'gallery', 1, 'Imagen de galería 1 del libro Cartografía del Conocimiento 70'),
(70, 'https://covers.openlibrary.org/b/isbn/9780000000070-M.jpg', 'gallery', 2, 'Imagen de galería 2 del libro Cartografía del Conocimiento 70'),
(70, 'https://covers.openlibrary.org/b/isbn/9780000000070-S.jpg', 'gallery', 3, 'Imagen de galería 3 del libro Cartografía del Conocimiento 70'),
(71, 'https://covers.openlibrary.org/b/isbn/9780000000071-L.jpg', 'cover', 1, 'Cubierta del libro Sombras del Algoritmo 71'),
(71, 'https://covers.openlibrary.org/b/isbn/9780000000071-L.jpg', 'gallery', 1, 'Imagen de galería 1 del libro Sombras del Algoritmo 71'),
(71, 'https://covers.openlibrary.org/b/isbn/9780000000071-M.jpg', 'gallery', 2, 'Imagen de galería 2 del libro Sombras del Algoritmo 71'),
(71, 'https://covers.openlibrary.org/b/isbn/9780000000071-S.jpg', 'gallery', 3, 'Imagen de galería 3 del libro Sombras del Algoritmo 71'),
(72, 'https://covers.openlibrary.org/b/isbn/9780000000072-L.jpg', 'cover', 1, 'Cubierta del libro La Biblioteca Oculta 72'),
(72, 'https://covers.openlibrary.org/b/isbn/9780000000072-L.jpg', 'gallery', 1, 'Imagen de galería 1 del libro La Biblioteca Oculta 72'),
(72, 'https://covers.openlibrary.org/b/isbn/9780000000072-M.jpg', 'gallery', 2, 'Imagen de galería 2 del libro La Biblioteca Oculta 72'),
(72, 'https://covers.openlibrary.org/b/isbn/9780000000072-S.jpg', 'gallery', 3, 'Imagen de galería 3 del libro La Biblioteca Oculta 72'),
(73, 'https://covers.openlibrary.org/b/isbn/9780000000073-L.jpg', 'cover', 1, 'Cubierta del libro Diseño de Realidades 73'),
(73, 'https://covers.openlibrary.org/b/isbn/9780000000073-L.jpg', 'gallery', 1, 'Imagen de galería 1 del libro Diseño de Realidades 73'),
(73, 'https://covers.openlibrary.org/b/isbn/9780000000073-M.jpg', 'gallery', 2, 'Imagen de galería 2 del libro Diseño de Realidades 73'),
(73, 'https://covers.openlibrary.org/b/isbn/9780000000073-S.jpg', 'gallery', 3, 'Imagen de galería 3 del libro Diseño de Realidades 73'),
(74, 'https://covers.openlibrary.org/b/isbn/9780000000074-L.jpg', 'cover', 1, 'Cubierta del libro Ecos de la Innovación 74'),
(74, 'https://covers.openlibrary.org/b/isbn/9780000000074-L.jpg', 'gallery', 1, 'Imagen de galería 1 del libro Ecos de la Innovación 74'),
(74, 'https://covers.openlibrary.org/b/isbn/9780000000074-M.jpg', 'gallery', 2, 'Imagen de galería 2 del libro Ecos de la Innovación 74'),
(74, 'https://covers.openlibrary.org/b/isbn/9780000000074-S.jpg', 'gallery', 3, 'Imagen de galería 3 del libro Ecos de la Innovación 74'),
(75, 'https://covers.openlibrary.org/b/isbn/9780000000075-L.jpg', 'cover', 1, 'Cubierta del libro Manual de Ideas Prácticas 75'),
(75, 'https://covers.openlibrary.org/b/isbn/9780000000075-L.jpg', 'gallery', 1, 'Imagen de galería 1 del libro Manual de Ideas Prácticas 75'),
(75, 'https://covers.openlibrary.org/b/isbn/9780000000075-M.jpg', 'gallery', 2, 'Imagen de galería 2 del libro Manual de Ideas Prácticas 75'),
(75, 'https://covers.openlibrary.org/b/isbn/9780000000075-S.jpg', 'gallery', 3, 'Imagen de galería 3 del libro Manual de Ideas Prácticas 75'),
(76, 'https://covers.openlibrary.org/b/isbn/9780000000076-L.jpg', 'cover', 1, 'Cubierta del libro Fragmentos de Ciudad 76'),
(76, 'https://covers.openlibrary.org/b/isbn/9780000000076-L.jpg', 'gallery', 1, 'Imagen de galería 1 del libro Fragmentos de Ciudad 76'),
(76, 'https://covers.openlibrary.org/b/isbn/9780000000076-M.jpg', 'gallery', 2, 'Imagen de galería 2 del libro Fragmentos de Ciudad 76'),
(76, 'https://covers.openlibrary.org/b/isbn/9780000000076-S.jpg', 'gallery', 3, 'Imagen de galería 3 del libro Fragmentos de Ciudad 76'),
(77, 'https://covers.openlibrary.org/b/isbn/9780000000077-L.jpg', 'cover', 1, 'Cubierta del libro Horizontes de Software 77'),
(77, 'https://covers.openlibrary.org/b/isbn/9780000000077-L.jpg', 'gallery', 1, 'Imagen de galería 1 del libro Horizontes de Software 77'),
(77, 'https://covers.openlibrary.org/b/isbn/9780000000077-M.jpg', 'gallery', 2, 'Imagen de galería 2 del libro Horizontes de Software 77'),
(77, 'https://covers.openlibrary.org/b/isbn/9780000000077-S.jpg', 'gallery', 3, 'Imagen de galería 3 del libro Horizontes de Software 77'),
(78, 'https://covers.openlibrary.org/b/isbn/9780000000078-L.jpg', 'cover', 1, 'Cubierta del libro Lecturas para el Cambio 78'),
(78, 'https://covers.openlibrary.org/b/isbn/9780000000078-L.jpg', 'gallery', 1, 'Imagen de galería 1 del libro Lecturas para el Cambio 78'),
(78, 'https://covers.openlibrary.org/b/isbn/9780000000078-M.jpg', 'gallery', 2, 'Imagen de galería 2 del libro Lecturas para el Cambio 78'),
(78, 'https://covers.openlibrary.org/b/isbn/9780000000078-S.jpg', 'gallery', 3, 'Imagen de galería 3 del libro Lecturas para el Cambio 78'),
(79, 'https://covers.openlibrary.org/b/isbn/9780000000079-L.jpg', 'cover', 1, 'Cubierta del libro La Forma del Tiempo 79'),
(79, 'https://covers.openlibrary.org/b/isbn/9780000000079-L.jpg', 'gallery', 1, 'Imagen de galería 1 del libro La Forma del Tiempo 79'),
(79, 'https://covers.openlibrary.org/b/isbn/9780000000079-M.jpg', 'gallery', 2, 'Imagen de galería 2 del libro La Forma del Tiempo 79'),
(79, 'https://covers.openlibrary.org/b/isbn/9780000000079-S.jpg', 'gallery', 3, 'Imagen de galería 3 del libro La Forma del Tiempo 79'),
(80, 'https://covers.openlibrary.org/b/isbn/9780000000080-L.jpg', 'cover', 1, 'Cubierta del libro Notas de Investigación 80'),
(80, 'https://covers.openlibrary.org/b/isbn/9780000000080-L.jpg', 'gallery', 1, 'Imagen de galería 1 del libro Notas de Investigación 80'),
(80, 'https://covers.openlibrary.org/b/isbn/9780000000080-M.jpg', 'gallery', 2, 'Imagen de galería 2 del libro Notas de Investigación 80'),
(80, 'https://covers.openlibrary.org/b/isbn/9780000000080-S.jpg', 'gallery', 3, 'Imagen de galería 3 del libro Notas de Investigación 80'),
(81, 'https://covers.openlibrary.org/b/isbn/9780000000081-L.jpg', 'cover', 1, 'Cubierta del libro El Invisible Silencio 81'),
(81, 'https://covers.openlibrary.org/b/isbn/9780000000081-L.jpg', 'gallery', 1, 'Imagen de galería 1 del libro El Invisible Silencio 81'),
(81, 'https://covers.openlibrary.org/b/isbn/9780000000081-M.jpg', 'gallery', 2, 'Imagen de galería 2 del libro El Invisible Silencio 81'),
(81, 'https://covers.openlibrary.org/b/isbn/9780000000081-S.jpg', 'gallery', 3, 'Imagen de galería 3 del libro El Invisible Silencio 81'),
(82, 'https://covers.openlibrary.org/b/isbn/9780000000082-L.jpg', 'cover', 1, 'Cubierta del libro Arquitecturas del Futuro 82'),
(82, 'https://covers.openlibrary.org/b/isbn/9780000000082-L.jpg', 'gallery', 1, 'Imagen de galería 1 del libro Arquitecturas del Futuro 82'),
(82, 'https://covers.openlibrary.org/b/isbn/9780000000082-M.jpg', 'gallery', 2, 'Imagen de galería 2 del libro Arquitecturas del Futuro 82'),
(82, 'https://covers.openlibrary.org/b/isbn/9780000000082-S.jpg', 'gallery', 3, 'Imagen de galería 3 del libro Arquitecturas del Futuro 82'),
(83, 'https://covers.openlibrary.org/b/isbn/9780000000083-L.jpg', 'cover', 1, 'Cubierta del libro Código y Memoria 83'),
(83, 'https://covers.openlibrary.org/b/isbn/9780000000083-L.jpg', 'gallery', 1, 'Imagen de galería 1 del libro Código y Memoria 83'),
(83, 'https://covers.openlibrary.org/b/isbn/9780000000083-M.jpg', 'gallery', 2, 'Imagen de galería 2 del libro Código y Memoria 83'),
(83, 'https://covers.openlibrary.org/b/isbn/9780000000083-S.jpg', 'gallery', 3, 'Imagen de galería 3 del libro Código y Memoria 83'),
(84, 'https://covers.openlibrary.org/b/isbn/9780000000084-L.jpg', 'cover', 1, 'Cubierta del libro La Ruta de los Datos 84'),
(84, 'https://covers.openlibrary.org/b/isbn/9780000000084-L.jpg', 'gallery', 1, 'Imagen de galería 1 del libro La Ruta de los Datos 84'),
(84, 'https://covers.openlibrary.org/b/isbn/9780000000084-M.jpg', 'gallery', 2, 'Imagen de galería 2 del libro La Ruta de los Datos 84'),
(84, 'https://covers.openlibrary.org/b/isbn/9780000000084-S.jpg', 'gallery', 3, 'Imagen de galería 3 del libro La Ruta de los Datos 84'),
(85, 'https://covers.openlibrary.org/b/isbn/9780000000085-L.jpg', 'cover', 1, 'Cubierta del libro Sistemas que Aprenden 85'),
(85, 'https://covers.openlibrary.org/b/isbn/9780000000085-L.jpg', 'gallery', 1, 'Imagen de galería 1 del libro Sistemas que Aprenden 85'),
(85, 'https://covers.openlibrary.org/b/isbn/9780000000085-M.jpg', 'gallery', 2, 'Imagen de galería 2 del libro Sistemas que Aprenden 85'),
(85, 'https://covers.openlibrary.org/b/isbn/9780000000085-S.jpg', 'gallery', 3, 'Imagen de galería 3 del libro Sistemas que Aprenden 85'),
(86, 'https://covers.openlibrary.org/b/isbn/9780000000086-L.jpg', 'cover', 1, 'Cubierta del libro Ciencia en Movimiento 86'),
(86, 'https://covers.openlibrary.org/b/isbn/9780000000086-L.jpg', 'gallery', 1, 'Imagen de galería 1 del libro Ciencia en Movimiento 86'),
(86, 'https://covers.openlibrary.org/b/isbn/9780000000086-M.jpg', 'gallery', 2, 'Imagen de galería 2 del libro Ciencia en Movimiento 86'),
(86, 'https://covers.openlibrary.org/b/isbn/9780000000086-S.jpg', 'gallery', 3, 'Imagen de galería 3 del libro Ciencia en Movimiento 86'),
(87, 'https://covers.openlibrary.org/b/isbn/9780000000087-L.jpg', 'cover', 1, 'Cubierta del libro Historias de Papel 87'),
(87, 'https://covers.openlibrary.org/b/isbn/9780000000087-L.jpg', 'gallery', 1, 'Imagen de galería 1 del libro Historias de Papel 87'),
(87, 'https://covers.openlibrary.org/b/isbn/9780000000087-M.jpg', 'gallery', 2, 'Imagen de galería 2 del libro Historias de Papel 87'),
(87, 'https://covers.openlibrary.org/b/isbn/9780000000087-S.jpg', 'gallery', 3, 'Imagen de galería 3 del libro Historias de Papel 87'),
(88, 'https://covers.openlibrary.org/b/isbn/9780000000088-L.jpg', 'cover', 1, 'Cubierta del libro El Lenguaje de las Máquinas 88'),
(88, 'https://covers.openlibrary.org/b/isbn/9780000000088-L.jpg', 'gallery', 1, 'Imagen de galería 1 del libro El Lenguaje de las Máquinas 88'),
(88, 'https://covers.openlibrary.org/b/isbn/9780000000088-M.jpg', 'gallery', 2, 'Imagen de galería 2 del libro El Lenguaje de las Máquinas 88'),
(88, 'https://covers.openlibrary.org/b/isbn/9780000000088-S.jpg', 'gallery', 3, 'Imagen de galería 3 del libro El Lenguaje de las Máquinas 88'),
(89, 'https://covers.openlibrary.org/b/isbn/9780000000089-L.jpg', 'cover', 1, 'Cubierta del libro Puentes Digitales 89'),
(89, 'https://covers.openlibrary.org/b/isbn/9780000000089-L.jpg', 'gallery', 1, 'Imagen de galería 1 del libro Puentes Digitales 89'),
(89, 'https://covers.openlibrary.org/b/isbn/9780000000089-M.jpg', 'gallery', 2, 'Imagen de galería 2 del libro Puentes Digitales 89'),
(89, 'https://covers.openlibrary.org/b/isbn/9780000000089-S.jpg', 'gallery', 3, 'Imagen de galería 3 del libro Puentes Digitales 89'),
(90, 'https://covers.openlibrary.org/b/isbn/9780000000090-L.jpg', 'cover', 1, 'Cubierta del libro Cartografía del Conocimiento 90'),
(90, 'https://covers.openlibrary.org/b/isbn/9780000000090-L.jpg', 'gallery', 1, 'Imagen de galería 1 del libro Cartografía del Conocimiento 90'),
(90, 'https://covers.openlibrary.org/b/isbn/9780000000090-M.jpg', 'gallery', 2, 'Imagen de galería 2 del libro Cartografía del Conocimiento 90'),
(90, 'https://covers.openlibrary.org/b/isbn/9780000000090-S.jpg', 'gallery', 3, 'Imagen de galería 3 del libro Cartografía del Conocimiento 90'),
(91, 'https://covers.openlibrary.org/b/isbn/9780000000091-L.jpg', 'cover', 1, 'Cubierta del libro Sombras del Algoritmo 91'),
(91, 'https://covers.openlibrary.org/b/isbn/9780000000091-L.jpg', 'gallery', 1, 'Imagen de galería 1 del libro Sombras del Algoritmo 91'),
(91, 'https://covers.openlibrary.org/b/isbn/9780000000091-M.jpg', 'gallery', 2, 'Imagen de galería 2 del libro Sombras del Algoritmo 91'),
(91, 'https://covers.openlibrary.org/b/isbn/9780000000091-S.jpg', 'gallery', 3, 'Imagen de galería 3 del libro Sombras del Algoritmo 91'),
(92, 'https://covers.openlibrary.org/b/isbn/9780000000092-L.jpg', 'cover', 1, 'Cubierta del libro La Biblioteca Oculta 92'),
(92, 'https://covers.openlibrary.org/b/isbn/9780000000092-L.jpg', 'gallery', 1, 'Imagen de galería 1 del libro La Biblioteca Oculta 92'),
(92, 'https://covers.openlibrary.org/b/isbn/9780000000092-M.jpg', 'gallery', 2, 'Imagen de galería 2 del libro La Biblioteca Oculta 92'),
(92, 'https://covers.openlibrary.org/b/isbn/9780000000092-S.jpg', 'gallery', 3, 'Imagen de galería 3 del libro La Biblioteca Oculta 92'),
(93, 'https://covers.openlibrary.org/b/isbn/9780000000093-L.jpg', 'cover', 1, 'Cubierta del libro Diseño de Realidades 93'),
(93, 'https://covers.openlibrary.org/b/isbn/9780000000093-L.jpg', 'gallery', 1, 'Imagen de galería 1 del libro Diseño de Realidades 93'),
(93, 'https://covers.openlibrary.org/b/isbn/9780000000093-M.jpg', 'gallery', 2, 'Imagen de galería 2 del libro Diseño de Realidades 93'),
(93, 'https://covers.openlibrary.org/b/isbn/9780000000093-S.jpg', 'gallery', 3, 'Imagen de galería 3 del libro Diseño de Realidades 93'),
(94, 'https://covers.openlibrary.org/b/isbn/9780000000094-L.jpg', 'cover', 1, 'Cubierta del libro Ecos de la Innovación 94'),
(94, 'https://covers.openlibrary.org/b/isbn/9780000000094-L.jpg', 'gallery', 1, 'Imagen de galería 1 del libro Ecos de la Innovación 94'),
(94, 'https://covers.openlibrary.org/b/isbn/9780000000094-M.jpg', 'gallery', 2, 'Imagen de galería 2 del libro Ecos de la Innovación 94'),
(94, 'https://covers.openlibrary.org/b/isbn/9780000000094-S.jpg', 'gallery', 3, 'Imagen de galería 3 del libro Ecos de la Innovación 94'),
(95, 'https://covers.openlibrary.org/b/isbn/9780000000095-L.jpg', 'cover', 1, 'Cubierta del libro Manual de Ideas Prácticas 95'),
(95, 'https://covers.openlibrary.org/b/isbn/9780000000095-L.jpg', 'gallery', 1, 'Imagen de galería 1 del libro Manual de Ideas Prácticas 95'),
(95, 'https://covers.openlibrary.org/b/isbn/9780000000095-M.jpg', 'gallery', 2, 'Imagen de galería 2 del libro Manual de Ideas Prácticas 95'),
(95, 'https://covers.openlibrary.org/b/isbn/9780000000095-S.jpg', 'gallery', 3, 'Imagen de galería 3 del libro Manual de Ideas Prácticas 95'),
(96, 'https://covers.openlibrary.org/b/isbn/9780000000096-L.jpg', 'cover', 1, 'Cubierta del libro Fragmentos de Ciudad 96'),
(96, 'https://covers.openlibrary.org/b/isbn/9780000000096-L.jpg', 'gallery', 1, 'Imagen de galería 1 del libro Fragmentos de Ciudad 96'),
(96, 'https://covers.openlibrary.org/b/isbn/9780000000096-M.jpg', 'gallery', 2, 'Imagen de galería 2 del libro Fragmentos de Ciudad 96'),
(96, 'https://covers.openlibrary.org/b/isbn/9780000000096-S.jpg', 'gallery', 3, 'Imagen de galería 3 del libro Fragmentos de Ciudad 96'),
(97, 'https://covers.openlibrary.org/b/isbn/9780000000097-L.jpg', 'cover', 1, 'Cubierta del libro Horizontes de Software 97'),
(97, 'https://covers.openlibrary.org/b/isbn/9780000000097-L.jpg', 'gallery', 1, 'Imagen de galería 1 del libro Horizontes de Software 97'),
(97, 'https://covers.openlibrary.org/b/isbn/9780000000097-M.jpg', 'gallery', 2, 'Imagen de galería 2 del libro Horizontes de Software 97'),
(97, 'https://covers.openlibrary.org/b/isbn/9780000000097-S.jpg', 'gallery', 3, 'Imagen de galería 3 del libro Horizontes de Software 97'),
(98, 'https://covers.openlibrary.org/b/isbn/9780000000098-L.jpg', 'cover', 1, 'Cubierta del libro Lecturas para el Cambio 98'),
(98, 'https://covers.openlibrary.org/b/isbn/9780000000098-L.jpg', 'gallery', 1, 'Imagen de galería 1 del libro Lecturas para el Cambio 98'),
(98, 'https://covers.openlibrary.org/b/isbn/9780000000098-M.jpg', 'gallery', 2, 'Imagen de galería 2 del libro Lecturas para el Cambio 98'),
(98, 'https://covers.openlibrary.org/b/isbn/9780000000098-S.jpg', 'gallery', 3, 'Imagen de galería 3 del libro Lecturas para el Cambio 98'),
(99, 'https://covers.openlibrary.org/b/isbn/9780000000099-L.jpg', 'cover', 1, 'Cubierta del libro La Forma del Tiempo 99'),
(99, 'https://covers.openlibrary.org/b/isbn/9780000000099-L.jpg', 'gallery', 1, 'Imagen de galería 1 del libro La Forma del Tiempo 99'),
(99, 'https://covers.openlibrary.org/b/isbn/9780000000099-M.jpg', 'gallery', 2, 'Imagen de galería 2 del libro La Forma del Tiempo 99'),
(99, 'https://covers.openlibrary.org/b/isbn/9780000000099-S.jpg', 'gallery', 3, 'Imagen de galería 3 del libro La Forma del Tiempo 99'),
(100, 'https://covers.openlibrary.org/b/isbn/9780000000100-L.jpg', 'cover', 1, 'Cubierta del libro Notas de Investigación 100'),
(100, 'https://covers.openlibrary.org/b/isbn/9780000000100-L.jpg', 'gallery', 1, 'Imagen de galería 1 del libro Notas de Investigación 100'),
(100, 'https://covers.openlibrary.org/b/isbn/9780000000100-M.jpg', 'gallery', 2, 'Imagen de galería 2 del libro Notas de Investigación 100'),
(100, 'https://covers.openlibrary.org/b/isbn/9780000000100-S.jpg', 'gallery', 3, 'Imagen de galería 3 del libro Notas de Investigación 100');

-- Validaciones rápidas
SELECT COUNT(*) AS total_publishers FROM publishers;
SELECT COUNT(*) AS total_authors FROM authors;
SELECT COUNT(*) AS total_categories FROM categories;
SELECT COUNT(*) AS total_books FROM books;
SELECT COUNT(*) AS total_images FROM images;
